%time,field.data0,field.data1,field.data2,field.data3,field.data4,field.data5,field.data6,field.data7
1515777276291881517,82,41,32,47,69,32,37,52
1515777276314376419,83,40,29,53,73,30,35,51
1515777276328518806,68,40,30,50,59,26,36,53
1515777276352191576,66,40,31,50,65,25,37,48
1515777276374550574,86,42,32,52,72,26,39,47
1515777276397162888,77,38,31,51,70,23,38,45
1515777276412204422,80,41,32,45,75,24,35,48
1515777276434678575,80,39,31,42,75,24,35,43
1515777276457003200,81,40,34,59,89,26,34,39
1515777276471979093,57,36,32,54,83,27,32,39
1515777276494766484,58,39,30,56,95,28,31,38
1515777276517188452,57,38,32,56,87,31,32,31
1515777276532033409,55,41,34,55,87,32,34,33
1515777276554629754,54,41,29,43,68,30,33,35
1515777276576946826,70,40,34,41,66,29,31,37
1515777276592397851,79,35,37,40,63,28,32,36
1515777276614683020,76,37,37,48,68,26,33,36
1515777276637597142,77,37,36,48,66,27,31,40
1515777276652016051,82,38,36,42,65,27,31,38
1515777276674704444,68,39,34,40,63,27,33,38
1515777276697135051,64,50,36,43,55,28,28,47
1515777276712193393,67,49,34,35,66,27,29,50
1515777276734590171,65,48,33,37,67,27,27,50
1515777276756830025,59,48,33,36,68,27,28,53
1515777276771095709,69,50,33,40,80,28,27,51
1515777276794643101,64,40,33,45,84,28,34,44
1515777276817035996,62,43,34,46,71,28,33,42
1515777276831465232,67,42,36,45,73,29,35,38
1515777276854389479,66,43,36,51,76,30,38,37
1515777276877348003,63,46,34,57,72,30,40,42
1515777276891362603,60,45,32,50,59,30,35,43
1515777276914619205,67,43,31,51,66,29,37,44
1515777276937559364,62,43,27,50,73,28,39,43
1515777276950977005,70,44,33,55,78,27,36,45
1515777276974539964,64,40,33,48,78,26,37,42
1515777276997279937,73,40,32,48,78,27,36,43
1515777277011371002,67,41,34,45,76,30,33,41
1515777277034627428,70,39,37,46,70,29,29,42
1515777277057393842,64,40,34,38,66,30,30,41
1515777277071287195,70,40,35,37,63,32,28,41
1515777277095012684,62,46,38,37,62,31,29,42
1515777277116926333,61,45,37,40,58,30,29,41
1515777277131185759,64,47,38,41,56,30,31,38
1515777277154752697,61,43,37,35,45,32,30,36
1515777277177054496,55,41,38,34,37,29,32,34
1515777277191229330,56,36,47,34,35,28,30,33
1515777277214583720,60,40,61,34,33,29,30,37
1515777277237580562,59,63,69,44,27,27,30,66
1515777277251496442,61,110,76,45,30,25,29,70
1515777277276676479,61,143,98,50,29,31,33,102
1515777277296320444,69,155,101,58,32,35,41,108
1515777277318788634,74,193,103,65,32,36,47,120
1515777277337010089,73,209,167,95,41,44,54,124
1515777277356347488,90,246,256,146,46,50,66,148
1515777277378679119,95,289,320,167,47,47,69,180
1515777277396861908,92,300,342,178,49,51,69,183
1515777277416517579,89,308,379,198,51,54,72,186
1515777277438923440,89,302,372,218,48,49,66,182
1515777277456261139,72,267,322,205,46,45,54,171
1515777277476256502,83,208,270,189,47,46,49,119
1515777277498777993,81,192,255,191,43,40,43,109
1515777277516416461,85,154,202,172,43,33,31,91
1515777277536303735,85,141,175,127,40,35,33,84
1515777277559614043,122,161,183,112,36,30,39,109
1515777277576906708,113,162,168,125,40,34,41,109
1515777277596388683,116,184,180,113,44,40,49,115
1515777277619057994,121,176,193,126,47,45,54,117
1515777277648827935,206,196,222,136,56,50,62,125
1515777277671421130,194,173,249,148,62,55,65,113
1515777277686426418,239,180,250,168,60,54,67,178
1515777277701113775,245,165,236,186,61,51,71,214
1515777277723857337,259,179,253,227,58,48,74,238
1515777277738585431,213,160,239,249,51,43,69,246
1515777277756443839,212,164,210,257,52,43,71,245
1515777277776418112,162,152,211,255,53,44,68,204
1515777277798881245,153,133,203,245,52,44,61,165
1515777277816621729,120,100,159,202,50,44,55,129
1515777277836330385,113,91,133,166,51,47,53,101
1515777277861596381,173,69,104,134,75,107,69,87
1515777277888698605,345,52,80,101,81,149,120,88
1515777277899263308,360,55,67,127,154,306,186,107
1515777277918689319,368,61,68,155,198,398,248,114
1515777277936707402,368,73,88,211,272,499,315,147
1515777277959149826,346,96,103,244,367,580,350,209
1515777277978994090,175,106,104,255,455,595,395,229
1515777277996846150,144,109,105,256,480,567,391,234
1515777278019408236,121,108,99,240,478,539,382,243
1515777278038983882,105,104,90,215,512,495,339,233
1515777278058419459,81,87,78,201,454,429,332,186
1515777278079027564,78,83,75,210,400,492,330,174
1515777278098715468,72,78,78,203,393,476,326,169
1515777278116965186,73,83,87,247,394,502,348,158
1515777278138948689,72,83,87,239,482,498,364,175
1515777278158688524,75,94,96,237,539,485,354,193
1515777278176626455,69,87,92,217,521,393,294,184
1515777278199399518,73,89,92,226,501,423,288,215
1515777278218704349,67,83,85,187,493,355,228,220
1515777278236851376,69,81,81,191,341,306,200,214
1515777278258693666,69,99,61,174,236,271,171,224
1515777278293767059,80,184,68,183,225,265,162,233
1515777278308628339,79,277,84,158,195,154,130,201
1515777278318822538,79,279,82,137,177,135,113,191
1515777278338833077,76,284,80,109,118,106,91,174
1515777278361246580,73,294,83,93,92,96,68,128
1515777278379657546,59,254,87,64,70,76,65,103
1515777278398820491,50,182,77,52,64,67,58,87
1515777278421586793,50,231,90,56,60,60,56,100
1515777278439326027,47,233,97,55,54,52,50,98
1515777278458707230,45,215,99,58,49,50,56,97
1515777278481531987,45,212,95,59,48,48,59,91
1515777278499138123,85,193,97,71,45,49,93,85
1515777278518791427,93,150,98,78,35,43,107,69
1515777278541595825,99,143,104,80,33,43,119,61
1515777278560323970,125,136,101,84,30,42,138,67
1515777278578707525,146,146,108,98,31,46,141,71
1515777278601481011,150,140,98,85,38,41,122,73
1515777278619118305,151,117,85,79,37,43,109,66
1515777278638529637,155,110,75,82,44,69,197,93
1515777278661280517,163,144,86,102,43,69,191,104
1515777278679873224,150,137,78,90,47,72,200,111
1515777278698960476,137,132,80,91,49,72,205,115
1515777278721299058,134,126,83,93,54,73,219,122
1515777278739333202,126,126,85,91,51,53,151,104
1515777278758803946,94,78,80,66,51,51,143,89
1515777278781188376,87,71,80,77,53,51,139,83
1515777278799301353,74,69,107,115,77,103,214,108
1515777278818807845,68,90,116,151,132,193,285,140
1515777278841143207,64,111,172,156,142,211,283,144
1515777278859386380,54,110,178,156,142,212,289,145
1515777278879493517,56,114,181,153,142,216,293,143
1515777278901421693,50,109,169,136,145,208,250,126
1515777278919755276,52,204,206,133,153,159,180,90
1515777278938648982,65,301,239,191,357,267,246,144
1515777278961443486,105,429,354,313,604,356,305,258
1515777278979413152,110,446,362,337,628,364,324,280
1515777278999024906,127,591,445,346,665,395,345,376
1515777279021462438,140,644,483,381,765,528,387,501
1515777279039139289,143,757,545,394,804,595,460,590
1515777279059383168,140,791,573,407,755,700,488,648
1515777279081197527,143,856,633,425,861,839,506,686
1515777279099499034,153,812,588,429,849,844,520,687
1515777279118771287,151,754,546,401,793,837,499,613
1515777279141710104,161,697,524,431,832,883,539,637
1515777279158994922,156,710,519,354,793,855,546,688
1515777279178576753,155,679,458,316,714,782,536,693
1515777279201532264,140,645,452,319,725,861,581,666
1515777279223806561,130,652,451,314,702,802,566,658
1515777279238743024,112,572,377,229,581,765,435,555
1515777279268905462,101,443,331,233,495,693,374,351
1515777279291351429,94,358,321,226,416,623,360,252
1515777279313679778,86,327,316,226,461,557,232,207
1515777279351078154,85,308,322,216,449,545,242,206
1515777279366132735,88,263,310,198,358,410,237,167
1515777279374873378,81,251,209,172,385,388,200,208
1515777279380995745,79,229,177,171,384,383,195,199
1515777279403909504,76,225,180,201,423,291,198,194
1515777279418546810,87,241,210,225,500,540,223,216
1515777279441235774,84,412,332,246,642,704,257,273
1515777279463898075,89,399,335,254,648,752,265,289
1515777279478755146,88,405,345,260,677,870,260,290
1515777279501536598,93,400,368,252,652,883,282,307
1515777279523570715,107,509,450,311,765,826,340,404
1515777279538860819,110,404,388,321,696,699,358,410
1515777279561157055,105,391,374,311,681,638,363,379
1515777279583611758,114,398,370,365,767,591,407,404
1515777279598899690,114,510,396,349,729,568,473,437
1515777279621293590,116,414,348,332,610,504,513,411
1515777279643939581,121,405,333,357,663,596,546,402
1515777279658730098,128,405,331,405,701,624,595,429
1515777279681081532,138,569,439,439,720,618,617,507
1515777279703973623,141,488,405,444,751,658,560,489
1515777279733762174,125,483,347,412,698,631,487,472
1515777279764895614,115,486,343,385,623,546,434,460
1515777279771109520,122,497,390,372,651,610,370,520
1515777279786102170,131,291,261,274,511,500,271,450
1515777279808557815,131,262,238,258,454,431,256,427
1515777279823809582,134,226,236,253,460,422,230,381
1515777279846157900,137,227,229,246,476,416,208,364
1515777279876166014,134,324,177,198,375,287,185,251
1515777279898591134,107,315,183,213,386,323,192,298
1515777279906447474,100,323,177,213,372,330,186,300
1515777279921605558,92,329,175,205,366,344,193,308
1515777279943719450,84,310,171,190,328,399,212,310
1515777279958623760,76,175,156,188,335,453,306,315
1515777279981500419,83,163,140,164,275,461,312,306
1515777280004101485,84,141,138,180,308,543,350,307
1515777280018391977,84,140,183,177,354,590,354,303
1515777280041496206,92,189,255,252,459,660,494,336
1515777280063981497,89,186,242,259,487,641,443,323
1515777280078637715,80,191,242,255,485,624,438,231
1515777280116451288,74,192,244,251,486,553,414,217
1515777280131274929,73,176,205,252,451,488,412,205
1515777280149297686,76,117,107,170,331,317,201,148
1515777280168725536,94,114,97,147,260,235,180,149
1515777280183669857,100,124,103,145,253,194,152,155
1515777280206046323,101,127,102,130,219,189,138,152
1515777280221373473,100,124,106,119,201,178,102,148
1515777280243849976,88,115,97,115,156,122,85,124
1515777280266476434,59,101,84,105,157,123,101,91
1515777280281135189,49,124,106,94,158,128,93,85
1515777280304180105,44,123,106,79,114,85,85,88
1515777280326563797,42,123,107,78,121,95,108,82
1515777280341610499,45,123,108,70,132,91,110,85
1515777280364106817,46,127,118,68,124,82,95,85
1515777280386253747,42,80,86,69,131,94,101,72
1515777280401210050,42,65,75,63,132,97,98,63
1515777280423663944,42,65,70,52,102,84,71,56
1515777280446592493,41,60,69,48,88,83,63,49
1515777280461195679,36,52,49,48,89,81,58,50
1515777280483885264,37,56,49,46,77,55,78,51
1515777280506321749,35,59,57,53,70,51,79,48
1515777280521347792,32,55,53,55,74,57,88,64
1515777280544041418,32,63,60,62,70,56,88,62
1515777280566317874,31,64,61,64,78,62,94,71
1515777280581366046,31,57,68,61,67,57,69,74
1515777280603950947,31,56,70,60,66,54,69,75
1515777280626416542,33,66,79,64,52,45,57,71
1515777280641314443,34,96,84,58,54,44,57,74
1515777280664024544,36,99,89,55,36,34,46,67
1515777280686480163,36,100,81,57,33,37,43,64
1515777280701340420,63,116,90,68,33,37,39,62
1515777280723986201,95,117,87,67,38,38,36,55
1515777280746227035,95,97,89,73,33,36,34,57
1515777280761348195,115,105,91,78,36,39,35,67
1515777280783991194,136,114,97,88,36,35,34,72
1515777280806358659,178,123,134,127,35,36,36,105
1515777280821255355,234,163,168,177,38,46,45,127
1515777280843931481,262,171,174,188,46,47,50,141
1515777280866344923,264,167,176,189,46,46,49,145
1515777280888864236,264,177,181,189,47,48,50,145
1515777280903831528,292,204,168,186,52,51,68,168
1515777280926401782,254,190,141,140,50,44,64,161
1515777280941623402,240,189,135,149,49,44,69,164
1515777280964022183,301,210,144,184,51,52,77,174
1515777280986548634,353,218,153,216,53,68,78,183
1515777281001220203,351,202,202,221,63,71,72,167
1515777281023520151,370,215,227,224,63,71,73,170
1515777281046457040,461,242,263,245,72,74,81,262
1515777281061968101,490,319,285,279,76,75,78,270
1515777281086968208,527,408,331,283,84,67,88,297
1515777281106483655,621,432,324,277,81,62,92,344
1515777281128777788,655,504,358,281,82,69,112,397
1515777281143615699,767,744,408,269,108,86,119,432
1515777281166465148,741,779,510,251,114,89,127,471
1515777281188688618,716,789,517,224,117,88,128,523
1515777281203940255,667,869,530,230,122,97,136,551
1515777281226299645,641,848,531,235,135,103,131,532
1515777281248903897,473,655,487,238,114,93,128,489
1515777281263655578,498,614,403,222,117,93,132,486
1515777281294821224,485,676,443,235,127,106,168,510
1515777281308636257,480,597,417,228,119,98,168,484
1515777281323534002,508,571,382,240,112,95,179,489
1515777281346542938,506,607,401,238,117,98,182,494
1515777281383750609,464,614,383,223,110,93,175,465
1515777281413563913,507,559,342,216,97,73,141,402
1515777281451413577,503,588,369,214,104,80,147,363
1515777281488854461,508,656,452,233,130,105,183,539
1515777281503712534,484,705,500,223,135,107,194,553
1515777281518751234,529,711,532,291,140,119,212,636
1515777281564892276,559,660,551,341,142,140,239,679
1515777281589203093,559,708,593,365,142,148,262,743
1515777281623918956,532,708,554,343,119,129,234,647
1515777281661214433,539,648,528,359,115,127,230,680
1515777281694381722,560,663,537,340,119,123,228,653
1515777281728676703,522,701,584,312,128,114,215,656
1515777281766288504,505,664,532,288,126,104,198,705
1515777281796334601,529,635,539,286,124,105,195,710
1515777281833634561,523,639,562,285,117,107,201,711
1515777281863992118,497,639,541,238,111,101,195,740
1515777281901161977,492,684,512,214,103,96,202,728
1515777281931390342,451,638,558,201,99,87,179,627
1515777281968908970,415,625,540,211,101,85,169,602
1515777282001776434,446,634,528,197,109,77,159,628
1515777282036260126,430,593,497,226,99,80,156,602
1515777282070484988,393,526,430,242,92,70,141,599
1515777282103951334,393,481,357,240,87,69,138,590
1515777282141160051,476,469,375,282,89,89,163,643
1515777282171687575,425,419,295,270,78,84,147,554
1515777282208842957,392,392,287,243,78,77,134,489
1515777282246273871,485,371,265,263,74,82,139,499
1515777282283638261,482,382,268,267,80,86,140,499
1515777282314564507,393,344,214,208,69,64,111,398
1515777282351270679,404,334,253,206,80,70,126,445
1515777282388755722,392,312,245,203,80,72,125,440
1515777282419137696,257,208,235,178,81,67,116,413
1515777282426481068,256,200,220,171,74,67,135,395
1515777282434654997,225,194,215,169,73,65,137,408
1515777282441116285,191,151,160,167,53,57,123,338
1515777282448726284,221,161,167,178,59,58,126,337
1515777282456876778,189,158,141,132,50,51,104,251
1515777282463871090,184,126,126,129,68,60,74,249
1515777282471098942,211,134,119,140,106,72,88,274
1515777282479526688,208,129,109,145,110,72,95,294
1515777282485958218,175,97,92,127,110,73,92,279
1515777282494553251,168,92,89,122,114,76,90,255
1515777282496316477,178,104,91,127,106,79,92,293
1515777282509277484,146,90,80,115,65,72,79,251
1515777282511420433,153,90,82,102,63,71,65,227
1515777282518960387,152,95,87,115,68,84,66,259
1515777282546086189,155,102,93,127,67,80,88,287
1515777282576069016,152,91,91,119,64,69,92,258
1515777282594026411,153,87,87,113,65,73,89,257
1515777282614103967,140,84,83,119,64,72,89,244
1515777282629226587,130,72,71,106,66,55,85,198
1515777282643681896,131,73,71,115,74,57,67,197
1515777282661813344,116,72,68,119,76,55,59,170
1515777282673619713,100,71,72,125,94,49,57,176
1515777282696450710,91,67,70,114,92,55,56,179
1515777282710968355,100,71,80,121,85,65,71,246
1515777282726517067,84,60,71,99,91,64,67,218
1515777282744470937,75,57,71,94,121,70,78,226
1515777282766652721,75,56,66,85,112,71,77,218
1515777282778659735,84,60,65,95,116,71,78,216
1515777282794071250,68,56,52,92,127,61,65,131
1515777282808690530,76,62,48,112,119,86,67,122
1515777282832149272,87,85,49,113,97,92,66,137
1515777282846457672,92,97,46,124,101,108,66,144
1515777282861475894,94,103,37,127,105,108,67,145
1515777282879234556,94,107,40,140,100,111,70,146
1515777282891311935,87,104,40,128,104,96,66,142
1515777282914293534,78,86,44,145,119,89,55,140
1515777282929126393,87,81,52,147,115,80,56,166
1515777282937817943,85,81,55,140,113,77,53,195
1515777282943345856,88,90,54,123,116,76,55,223
1515777282951375545,96,98,56,117,123,71,58,232
1515777282959497286,99,106,54,116,125,73,58,225
1515777282965988166,96,106,61,111,131,53,60,203
1515777282974322029,89,97,61,114,140,51,61,170
1515777282976231613,86,84,60,120,147,49,55,130
1515777282984027566,74,71,58,128,170,49,52,116
1515777282988710597,69,61,55,109,158,47,49,102
1515777282999221657,59,52,44,94,159,47,45,90
1515777283003701685,54,50,45,129,209,51,42,92
1515777283011686216,49,52,42,130,204,49,47,92
1515777283018609200,49,51,42,123,182,45,47,85
1515777283026217611,49,50,43,125,181,40,46,77
1515777283034526054,45,46,37,135,208,40,47,80
1515777283048360663,53,44,35,102,147,37,44,72
1515777283071807391,53,45,35,92,143,33,39,66
1515777283094550891,53,44,33,91,140,32,37,67
1515777283108801932,50,44,37,93,141,42,38,66
1515777283131921216,49,43,39,78,89,40,34,54
1515777283154436320,37,41,39,71,90,40,34,54
1515777283169112683,60,41,47,72,119,47,41,54
1515777283192206860,63,42,51,71,123,48,40,49
1515777283214865615,63,39,49,81,139,40,45,43
1515777283228484947,61,39,50,80,138,42,45,43
1515777283252761950,64,40,57,81,134,41,43,41
1515777283274446851,43,33,52,77,106,32,35,34
1515777283288551152,36,30,54,78,103,32,34,33
1515777283312421711,37,30,51,63,74,30,25,35
1515777283334041217,38,32,51,65,101,24,26,39
1515777283348989386,33,33,46,60,102,25,28,44
1515777283371891741,30,34,48,64,119,24,29,49
1515777283394641537,32,36,44,59,115,27,33,55
1515777283408668754,35,38,47,62,125,30,35,57
1515777283432142574,36,37,50,62,129,33,36,57
1515777283454370913,40,37,46,72,130,35,39,56
1515777283468974088,39,36,43,65,114,36,39,53
1515777283492377309,40,35,47,73,142,34,37,54
1515777283514218357,35,33,42,79,154,32,37,52
1515777283528552455,35,32,42,79,140,31,34,50
1515777283551985587,32,34,45,73,142,30,32,45
1515777283574548118,36,36,43,71,141,27,33,45
1515777283588618587,33,34,37,61,113,27,30,35
1515777283612331342,33,32,39,41,74,28,29,36
1515777283634107456,35,31,38,41,61,27,29,35
1515777283648787482,39,29,39,38,52,26,28,41
1515777283672318907,35,27,40,42,53,27,27,42
1515777283694677404,36,30,42,45,67,27,28,47
1515777283708711160,35,33,43,50,73,28,26,45
1515777283732308844,31,35,43,52,73,28,27,46
1515777283754713902,24,35,43,61,80,30,28,42
1515777283768457084,25,37,48,61,82,31,28,46
1515777283791251148,29,38,50,69,89,34,33,47
1515777283814595721,28,35,48,70,89,35,35,46
1515777283828610985,28,36,46,70,93,42,70,56
1515777283851150316,30,38,44,60,87,41,71,58
1515777283882328046,32,38,37,61,86,42,87,54
1515777283888523240,33,38,32,57,83,44,87,55
1515777283911205898,35,42,34,62,86,45,88,61
1515777283934758566,35,40,42,63,92,41,76,51
1515777283956685182,32,40,43,68,98,40,77,50
1515777283970972342,34,42,44,75,136,45,64,59
1515777283994657336,32,44,45,74,133,42,66,63
1515777284017106373,30,43,48,72,132,41,76,59
1515777284031447363,30,42,44,79,144,42,75,58
1515777284062351005,35,43,43,84,153,48,74,75
1515777284077813419,33,45,43,80,139,51,74,69
1515777284091186949,35,44,43,85,136,59,72,64
1515777284114645754,37,45,42,94,141,58,61,65
1515777284137281564,37,48,40,103,153,61,54,70
1515777284151327611,32,46,37,117,218,60,61,58
1515777284174540579,35,42,36,125,219,60,62,59
1515777284197437387,35,38,38,121,230,54,63,60
1515777284211312247,37,35,45,124,256,59,68,65
1515777284234455904,37,43,47,123,271,76,66,75
1515777284257621632,40,45,46,102,226,77,60,74
1515777284271146955,37,45,46,97,228,84,70,72
1515777284295475926,38,46,43,101,214,89,83,71
1515777284317296446,36,45,32,95,199,103,87,65
1515777284330448693,44,42,35,124,205,126,100,64
1515777284353138720,50,52,38,168,282,143,113,83
1515777284375965335,49,53,39,174,291,151,110,91
1515777284389998484,60,72,47,198,357,175,142,125
1515777284413047865,62,79,50,246,476,226,207,136
1515777284435747327,62,84,51,230,473,253,214,169
1515777284449804655,59,80,53,242,468,272,216,176
1515777284473279362,66,85,55,245,528,324,244,212
1515777284495729499,59,73,55,233,516,366,255,237
1515777284509814884,60,66,53,203,447,350,206,240
1515777284533138067,59,63,56,229,448,382,237,225
1515777284555772812,62,69,61,191,433,394,251,230
1515777284569924611,68,76,72,215,407,362,271,223
1515777284593048911,72,86,72,254,453,352,277,206
1515777284614933643,72,88,74,241,431,371,282,208
1515777284646335907,72,87,72,230,437,337,256,201
1515777284667511508,71,84,74,274,467,405,319,195
1515777284682318983,106,118,71,334,591,486,358,284
1515777284697390153,113,122,73,317,561,471,339,283
1515777284712445899,120,129,72,315,569,460,361,315
1515777284736383797,122,130,74,330,654,473,368,316
1515777284751758508,125,138,78,317,688,445,316,318
1515777284773727740,91,106,76,226,608,400,253,232
1515777284796292107,79,94,75,213,591,404,254,237
1515777284811240858,69,84,80,236,580,415,235,186
1515777284834263113,72,95,84,222,534,459,230,204
1515777284855085915,69,83,77,200,553,425,215,229
1515777284870264591,68,84,70,208,501,399,208,226
1515777284901271547,69,84,65,227,505,385,203,222
1515777284916339741,82,101,58,232,535,407,203,263
1515777284938864947,86,100,45,216,474,316,191,257
1515777284953893502,93,111,45,231,344,324,188,229
1515777284976214199,92,111,44,236,336,321,166,225
1515777284998232998,91,111,46,229,330,332,172,210
1515777285013087238,77,97,48,202,310,268,151,161
1515777285036418466,65,88,51,234,368,283,153,148
1515777285059005336,50,66,44,228,370,251,147,159
1515777285074091744,47,62,46,220,355,203,137,149
1515777285096436515,48,55,43,216,359,209,119,136
1515777285119091423,49,52,45,237,325,219,147,163
1515777285133735043,52,57,45,206,294,212,141,166
1515777285155558658,52,58,45,182,291,201,139,151
1515777285177400636,51,55,43,176,290,200,138,151
1515777285192436365,49,57,44,171,287,158,137,152
1515777285214878641,47,62,36,138,301,135,96,125
1515777285238365761,41,51,31,125,240,91,89,117
1515777285252602806,38,51,31,121,217,80,78,105
1515777285276688347,38,51,31,112,206,69,71,106
1515777285299675705,35,50,31,99,172,60,55,99
1515777285313581417,33,39,30,89,104,44,42,73
1515777285337371180,32,40,30,87,98,40,30,65
1515777285359530471,31,39,34,84,97,36,33,61
1515777285373819033,30,34,34,86,97,37,32,51
1515777285397016672,25,33,37,54,75,45,29,46
1515777285419415735,27,34,39,47,68,43,32,41
1515777285433644234,27,33,45,50,75,42,36,48
1515777285457405675,27,32,43,50,73,42,40,56
1515777285479866372,27,35,41,45,73,41,42,54
1515777285493938590,29,33,39,43,67,30,41,51
1515777285517057372,27,35,39,41,66,29,39,50
1515777285539612230,26,34,32,34,54,28,36,43
1515777285553862933,26,38,40,32,53,23,29,35
1515777285578328282,27,35,44,39,73,23,24,35
1515777285599517711,26,34,43,39,72,23,23,38
1515777285613957615,30,31,43,39,75,24,24,41
1515777285637214504,32,34,44,39,69,21,24,42
1515777285659565031,32,29,37,38,69,21,23,39
1515777285673593755,36,33,35,35,66,20,25,41
1515777285697348227,37,36,36,32,64,24,28,42
1515777285719868438,34,38,40,32,62,25,25,39
1515777285733686206,36,38,41,36,64,29,26,38
1515777285757187317,40,42,45,40,67,29,27,43
1515777285779792908,37,43,43,38,46,30,26,42
1515777285793661946,41,44,41,39,51,27,24,40
1515777285817585281,42,45,38,40,51,30,29,43
1515777285839581861,43,44,36,44,59,27,32,50
1515777285862382553,42,43,29,43,64,28,32,47
1515777285877123636,44,41,28,41,67,29,32,51
1515777285900816696,40,40,31,42,69,29,32,49
1515777285922251170,42,40,32,46,67,26,28,46
1515777285937018205,55,44,44,58,56,27,26,45
1515777285959580606,55,44,49,61,55,25,25,44
1515777285982274979,55,44,48,62,59,27,24,42
1515777285996962105,58,42,50,63,52,25,24,44
1515777286019766319,58,42,51,61,52,27,26,46
1515777286042069119,54,42,44,53,53,26,26,41
1515777286056892652,59,44,49,65,69,27,30,51
1515777286079949697,59,44,50,66,66,24,31,49
1515777286102548593,56,45,50,63,67,25,31,51
1515777286116771259,53,43,48,63,68,25,30,51
1515777286139687944,41,38,46,58,66,25,30,50
1515777286162058382,41,34,42,35,42,26,29,39
1515777286177026824,41,34,45,46,40,26,30,39
1515777286199400379,44,34,51,56,40,32,50,41
1515777286222031666,44,35,53,58,41,34,52,39
1515777286237311718,45,34,51,56,48,34,52,38
1515777286259633253,56,30,49,73,63,35,53,44
1515777286282103015,55,31,46,66,64,35,53,43
1515777286296484948,59,34,42,67,63,29,38,37
1515777286319591976,61,34,45,68,62,26,35,40
1515777286341959040,62,41,47,74,57,38,110,50
1515777286356317697,48,41,46,63,47,37,115,50
1515777286379611961,69,45,46,65,58,41,123,53
1515777286402306734,67,43,39,57,59,42,126,56
1515777286416223539,101,51,33,53,80,43,129,62
1515777286439500733,105,48,30,68,92,36,80,60
1515777286461431703,108,49,29,66,97,42,83,61
1515777286484169057,119,50,39,69,90,38,70,61
1515777286501621075,133,65,54,87,104,59,67,64
1515777286521150462,127,58,54,93,98,62,71,63
1515777286544156915,125,58,56,82,95,69,75,66
1515777286561925023,146,65,61,84,93,70,69,73
1515777286581088099,131,64,60,87,115,79,100,76
1515777286603671578,137,59,57,74,109,67,108,75
1515777286622433227,123,68,65,93,107,72,147,73
1515777286641228947,131,82,68,110,153,78,261,81
1515777286664079260,125,88,74,148,162,97,444,121
1515777286681424579,139,109,76,159,187,218,575,131
1515777286701572880,132,110,83,195,219,267,698,183
1515777286724056596,135,104,89,203,239,296,775,281
1515777286741937221,131,133,106,206,232,348,808,300
1515777286761458019,116,155,147,235,276,391,750,311
1515777286783906935,99,165,162,269,338,430,685,401
1515777286802114544,83,183,159,283,401,468,689,456
1515777286821239738,89,254,160,287,453,481,678,461
1515777286843667779,88,286,168,309,475,502,699,467
1515777286861852332,84,397,187,312,516,493,719,491
1515777286881271265,98,493,206,307,593,474,820,453
1515777286904297527,99,585,251,283,567,511,734,424
1515777286922346640,96,662,280,290,536,540,771,421
1515777286941521569,109,731,320,290,583,592,803,439
1515777286963736622,114,721,304,271,575,612,824,491
1515777286981879741,108,691,295,278,493,609,756,497
1515777287001861952,119,783,317,294,506,556,772,500
1515777287023938476,126,749,315,306,559,746,693,528
1515777287041506251,126,749,287,314,567,829,585,548
1515777287061644153,133,727,279,334,641,895,562,528
1515777287084087139,132,801,297,384,682,914,540,534
1515777287101706750,143,733,329,390,669,979,539,534
1515777287128848282,145,792,360,409,653,845,588,549
1515777287151434085,147,827,367,451,664,811,658,681
1515777287174040182,163,1007,400,456,627,796,645,693
1515777287203782054,189,974,399,433,588,881,693,700
1515777287226342818,180,956,378,463,627,855,678,706
1515777287252051718,179,904,362,475,618,873,640,695
1515777287279077263,177,821,341,429,606,883,573,553
1515777287301356650,178,723,340,459,628,910,600,508
1515777287338915894,173,724,352,507,694,956,569,566
1515777287353927449,172,729,325,566,708,934,619,600
1515777287383882402,175,700,291,563,807,960,636,554
1515777287406105491,194,790,319,606,860,931,684,589
1515777287431745087,186,735,336,641,916,1010,739,657
1515777287459141957,182,721,331,661,864,895,765,657
1515777287484540709,180,659,338,634,843,930,734,607
1515777287511624940,185,735,352,619,751,904,728,664
1515777287533932395,167,742,399,695,655,836,703,690
1515777287559153784,155,743,538,687,646,785,630,633
1515777287586829514,137,698,575,713,700,832,592,588
1515777287608953614,143,686,568,718,725,813,616,717
1515777287638749917,216,789,637,738,757,812,644,680
1515777287661207547,217,752,629,651,789,957,702,725
1515777287686771771,245,694,536,661,820,920,734,818
1515777287714016952,262,728,502,590,906,937,710,840
1515777287736029622,284,894,618,577,871,929,684,758
1515777287761490312,229,790,566,597,889,1033,769,819
1515777287788736063,225,743,541,588,910,1047,726,781
1515777287811464357,196,777,500,611,843,1016,696,700
1515777287834334059,171,747,545,612,694,938,665,644
1515777287856576998,143,610,507,712,689,974,708,659
1515777287886914997,143,589,505,676,637,846,568,594
1515777287908802319,152,615,542,661,550,737,542,609
1515777287938768904,163,637,598,648,474,719,594,690
1515777287957022545,177,726,568,691,474,754,635,765
1515777287983868315,165,701,498,619,506,718,659,741
1515777288006150510,155,652,481,672,665,786,679,738
1515777288031872116,156,709,450,669,705,751,702,700
1515777288058664133,157,714,464,617,678,704,643,616
1515777288081178903,147,631,467,564,695,677,629,570
1515777288106859204,155,611,455,511,716,637,596,616
1515777288134315801,187,662,485,502,746,682,567,626
1515777288156682455,180,572,505,545,735,737,534,600
1515777288178807167,229,583,472,563,847,855,578,669
1515777288208641394,238,571,444,569,949,931,661,629
1515777288231693906,235,604,462,552,970,1025,630,560
1515777288253677292,227,706,512,477,822,1021,618,519
1515777288276471343,232,695,471,424,821,972,676,510
1515777288306297254,182,605,437,466,818,901,637,354
1515777288328686524,174,608,434,422,688,847,547,404
1515777288351403709,172,628,423,404,647,759,557,399
1515777288376872851,161,483,327,453,700,709,578,455
1515777288403720459,150,461,334,487,698,746,500,451
1515777288426044564,144,438,300,409,558,697,531,510
1515777288451730185,135,502,340,417,512,627,502,478
1515777288479029156,134,415,319,418,462,638,460,481
1515777288501373854,130,356,287,369,431,602,440,414
1515777288523614811,125,350,273,309,365,510,402,396
1515777288562596854,113,341,277,255,343,514,361,358
1515777288569259535,109,220,195,207,348,517,337,325
1515777288577011493,98,202,175,214,337,435,327,312
1515777288583737193,84,184,170,209,268,339,293,292
1515777288591427904,79,175,167,210,325,435,305,261
1515777288600090797,77,164,124,199,312,419,228,172
1515777288606797825,66,138,124,184,307,408,226,161
1515777288608937647,84,108,97,136,310,385,206,129
1515777288613465429,83,97,95,103,279,355,190,125
1515777288624000766,79,79,75,97,190,163,117,111
1515777288629089372,78,68,70,92,184,148,110,93
1515777288637005029,79,51,67,86,185,143,104,76
1515777288643332503,50,49,57,80,130,101,89,68
1515777288651304076,49,49,53,71,111,87,82,61
1515777288659365207,41,41,61,68,93,70,47,53
1515777288666163801,39,39,64,75,97,59,35,52
1515777288673687495,32,35,59,76,61,36,37,47
1515777288681836779,33,38,61,74,61,34,37,44
1515777288688584349,32,36,63,70,60,28,36,45
1515777288696875944,30,37,54,66,57,28,35,40
1515777288698989639,35,35,48,49,42,29,36,39
1515777288706612129,52,36,51,48,46,28,36,39
1515777288711058024,62,32,47,51,45,38,36,41
1515777288726084299,68,40,39,61,48,44,39,42
1515777288748704373,72,42,37,97,73,50,47,62
1515777288763968013,79,52,44,99,76,53,58,70
1515777288786265505,77,66,46,104,73,57,58,73
1515777288809197790,85,75,55,106,81,52,58,78
1515777288823728856,84,73,58,104,99,51,61,82
1515777288846190147,84,71,60,91,88,58,60,78
1515777288868841704,81,67,64,95,86,56,50,71
1515777288883906212,81,51,62,88,92,52,50,69
1515777288906405220,88,45,57,94,122,60,53,64
1515777288928723301,95,44,55,99,139,64,51,60
1515777288943852547,102,50,55,87,183,69,65,65
1515777288966430946,101,48,47,79,187,74,65,81
1515777288988792214,100,49,45,80,191,78,68,85
1515777289003907808,94,46,47,75,209,76,65,87
1515777289026546232,92,50,45,69,215,76,64,107
1515777289048865682,87,43,42,56,185,68,46,100
1515777289064169366,90,46,40,59,185,68,49,93
1515777289086701620,96,53,47,65,192,66,44,101
1515777289109117096,91,50,45,63,160,69,49,109
1515777289124083673,84,47,47,60,152,68,50,96
1515777289146547250,87,51,47,69,158,71,53,97
1515777289168956149,92,52,52,77,178,106,72,98
1515777289183893035,98,60,51,78,176,125,78,115
1515777289206347492,111,78,70,85,173,143,92,129
1515777289228830427,114,82,76,92,165,144,93,140
1515777289243852975,112,83,76,87,156,142,92,141
1515777289266556042,116,85,76,87,130,119,75,140
1515777289288751479,116,83,75,93,125,104,71,120
1515777289303610024,143,96,59,86,142,110,65,156
1515777289326178204,193,100,56,94,129,137,78,191
1515777289348841531,234,105,66,106,147,139,80,205
1515777289364096813,230,112,68,110,224,151,96,237
1515777289386388900,298,164,106,165,293,164,137,334
1515777289408513369,351,198,120,177,316,174,165,428
1515777289423509080,359,232,133,203,510,432,183,477
1515777289446518642,352,243,132,202,517,437,183,482
1515777289468517950,369,255,137,203,497,457,188,501
1515777289484001276,402,226,117,162,487,465,172,506
1515777289506259575,359,202,112,156,484,463,145,433
1515777289528491395,335,175,110,126,282,254,144,417
1515777289543708778,386,228,133,160,269,264,159,503
1515777289565991099,403,234,139,193,272,274,184,601
1515777289588757202,355,243,143,207,322,461,222,598
1515777289603815393,367,249,148,208,308,478,226,604
1515777289626442846,378,250,144,204,351,490,254,681
1515777289648919374,359,211,131,193,423,531,260,641
1515777289671415249,333,197,127,164,430,565,250,553
1515777289686582799,298,186,126,160,400,504,215,528
1515777289716610572,291,199,153,219,417,493,210,531
1515777289738663510,336,207,183,272,420,478,181,455
1515777289761561750,450,213,188,274,476,498,237,484
1515777289791068945,487,224,191,300,471,463,245,494
1515777289813523987,513,246,203,307,527,441,287,602
1515777289840771682,532,268,194,279,564,443,293,656
1515777289866032082,512,272,187,270,620,495,367,683
1515777289896305165,464,277,210,315,559,489,361,727
1515777289914418973,491,270,213,296,569,471,354,732
1515777289949095142,495,289,224,308,499,411,337,714
1515777289963680062,539,261,223,317,457,420,340,719
1515777289989291860,541,253,221,294,403,409,283,704
1515777290016092289,526,266,212,262,486,525,289,728
1515777290038586381,472,272,228,275,537,629,288,795
1515777290069142048,466,264,259,282,558,636,288,785
1515777290091384078,469,271,283,304,614,666,288,747
1515777290113921553,473,266,290,333,638,690,283,749
1515777290139401412,445,270,301,349,646,576,247,707
1515777290166176096,458,274,320,386,659,461,263,670
1515777290192018494,524,389,343,426,739,487,285,672
1515777290218906951,451,375,347,441,712,441,287,656
1515777290244096737,470,404,425,516,732,412,270,634
1515777290271151607,449,385,474,555,708,471,274,577
1515777290293769064,433,382,562,625,654,472,254,510
1515777290323768858,344,274,581,617,586,489,215,510
1515777290346578656,328,269,592,671,554,492,200,500
1515777290373114808,262,227,646,726,460,435,175,464
1515777290399714344,318,260,744,817,429,420,164,574
1515777290406048140,354,277,728,796,465,445,194,652
1515777290413649579,343,267,730,784,537,432,216,598
1515777290437144119,380,288,780,762,570,488,229,602
1515777290466100863,396,308,782,792,600,501,233,650
1515777290488876767,397,286,697,713,571,479,271,616
1515777290519106950,457,287,657,673,618,564,295,568
1515777290536451653,489,280,658,712,526,546,296,648
1515777290563778205,498,324,672,715,540,497,311,676
1515777290589353729,503,328,670,616,534,552,325,649
1515777290616455819,478,338,654,605,605,534,311,630
1515777290638981778,437,317,631,590,608,453,319,603
1515777290661764474,400,342,598,583,626,486,360,541
1515777290686925063,377,302,489,536,591,485,343,557
1515777290714102908,357,276,358,480,571,436,340,575
1515777290736793488,373,260,304,419,488,484,335,681
1515777290758989388,357,264,303,408,423,487,300,705
1515777290781248007,403,216,283,402,392,472,224,713
1515777290811239175,402,200,290,385,370,485,225,677
1515777290834293121,399,193,243,351,358,481,216,640
1515777290859254826,413,168,228,326,363,433,228,472
1515777290886049694,474,179,234,359,374,438,233,536
1515777290911409304,441,172,208,296,356,429,227,488
1515777290916188886,426,166,195,300,352,406,230,486
1515777290926464799,424,160,241,292,363,395,219,481
1515777290931200942,397,181,252,318,341,382,181,508
1515777290939386984,287,164,241,282,250,331,150,387
1515777290946164416,266,160,235,248,231,280,149,370
1515777290976334577,273,151,213,213,229,266,127,360
1515777290998684503,288,163,178,239,176,253,134,357
1515777291024521553,243,136,155,195,154,220,103,284
1515777291051205769,210,121,143,177,138,181,90,237
1515777291059381493,184,103,133,163,112,154,75,224
1515777291066359476,164,100,129,157,117,155,74,202
1515777291073931344,117,70,99,120,95,109,57,183
1515777291082542840,134,74,96,123,92,104,53,188
1515777291088656940,126,68,89,115,86,105,52,182
1515777291096921651,122,65,90,112,81,101,53,157
1515777291103899002,96,59,90,109,52,63,44,132
1515777291111777868,96,58,74,81,45,55,42,124
1515777291128061955,56,43,53,47,40,42,36,90
1515777291132352611,51,45,58,63,36,38,40,72
1515777291134122682,45,43,50,64,33,34,48,68
1515777291142741881,42,43,75,92,31,33,49,77
1515777291149781066,41,42,91,103,27,32,51,73
1515777291151737535,48,42,96,104,32,43,84,76
1515777291171260036,47,42,95,97,33,45,84,79
1515777291193782474,47,44,97,103,36,46,85,73
1515777291209070910,46,43,80,99,46,59,141,69
1515777291239733805,43,37,59,92,50,64,145,62
1515777291253727343,45,36,50,93,49,57,133,59
1515777291268965005,56,41,48,92,51,55,137,58
1515777291291590410,65,41,45,85,49,57,135,58
1515777291314127072,68,42,37,60,40,42,85,38
1515777291328547441,71,44,37,65,44,43,86,41
1515777291351179935,66,55,49,111,98,151,234,98
1515777291373955098,56,51,49,117,105,163,247,105
1515777291388748619,55,56,57,125,107,164,247,110
1515777291411588441,54,57,59,123,107,166,247,113
1515777291433829778,67,59,59,125,114,172,278,117
1515777291448517446,67,51,50,97,89,108,216,87
1515777291471231830,67,51,57,93,82,88,200,78
1515777291494216933,64,58,63,113,120,169,348,100
1515777291508733591,84,70,66,122,135,185,357,105
1515777291531607016,78,67,67,116,128,179,339,103
1515777291553896157,95,68,71,108,118,173,316,94
1515777291577422883,96,68,71,109,118,174,317,94
1515777291591099756,94,58,63,85,77,100,145,64
1515777291614111493,77,44,64,79,48,64,121,53
1515777291636850107,73,44,63,76,53,58,102,49
1515777291651495641,49,41,69,91,68,58,121,61
1515777291673977580,50,45,72,94,85,54,139,65
1515777291697198758,47,47,68,87,84,42,137,70
1515777291710977905,44,43,62,81,87,41,132,67
1515777291734305725,42,46,66,90,88,51,178,75
1515777291757049277,54,62,57,81,103,81,236,75
1515777291771398201,85,130,70,111,146,182,340,124
1515777291794231770,107,142,76,133,159,199,353,126
1515777291817543756,125,153,90,138,197,206,365,134
1515777291830955738,138,156,94,139,204,208,356,151
1515777291854449344,141,173,114,141,211,206,321,165
1515777291877302304,133,140,112,121,221,179,215,138
1515777291891395746,117,131,109,113,243,200,224,143
1515777291913808424,100,123,105,146,247,217,257,148
1515777291936604636,95,305,283,255,392,440,432,306
1515777291951169473,91,312,285,265,393,455,435,325
1515777291973788883,86,350,310,274,379,444,445,346
1515777291997616012,89,418,351,289,403,508,487,361
1515777292011112104,91,466,372,308,506,598,500,385
1515777292033880833,93,520,341,276,450,502,517,296
1515777292057233188,99,524,353,271,454,499,562,353
1515777292071397295,99,518,330,311,569,667,604,360
1515777292093772781,101,474,296,319,610,667,576,375
1515777292117400173,102,444,277,320,560,642,594,391
1515777292131269360,90,273,192,301,591,730,512,436
1515777292153948796,77,245,153,309,613,763,465,391
1515777292177097105,69,197,158,267,515,627,446,371
1515777292191279242,65,172,139,241,453,583,426,352
1515777292214006756,64,180,135,193,423,548,385,313
1515777292251105947,62,171,124,158,339,432,319,255
1515777292266519422,65,175,122,140,358,386,310,233
1515777292288830258,69,181,112,140,358,386,226,238
1515777292303871895,89,186,115,159,364,448,341,260
1515777292320084054,88,166,101,167,344,424,315,268
1515777292333630403,86,162,82,160,325,368,312,231
1515777292357008562,85,158,81,153,285,337,304,220
1515777292371177914,94,156,78,134,275,319,299,201
1515777292394073044,71,151,67,103,227,180,153,142
1515777292417291398,66,111,58,93,221,162,147,91
1515777292431138534,67,92,51,113,368,171,144,81
1515777292453913831,66,84,41,123,350,185,149,96
1515777292477279308,48,71,40,125,380,258,167,118
1515777292499491381,74,69,45,128,398,330,196,173
1515777292513504760,108,71,49,134,441,373,254,285
1515777292560336386,123,70,57,150,393,389,282,326
1515777292562062542,145,71,89,173,429,408,293,523
1515777292573668069,197,105,119,228,509,459,336,653
1515777292596961364,209,109,127,250,533,509,375,724
1515777292619422172,208,106,132,251,557,517,393,740
1515777292633847972,214,109,136,245,553,519,375,781
1515777292664420400,219,111,129,231,546,529,388,703
1515777292679376597,181,93,111,194,467,464,371,657
1515777292693915391,168,91,111,188,450,367,334,645
1515777292717058374,170,86,115,214,375,325,268,634
1515777292740159278,191,83,114,221,323,302,279,665
1515777292753966333,218,108,116,225,264,298,272,767
1515777292777157110,243,109,126,240,223,282,257,769
1515777292799133180,255,188,127,238,160,263,250,761
1515777292822012681,266,319,145,228,142,232,255,775
1515777292837157555,261,452,164,212,115,221,266,712
1515777292859877695,240,594,298,244,122,142,247,583
1515777292873688324,231,760,339,257,105,130,233,524
1515777292897178331,223,771,354,277,108,116,210,440
1515777292919491096,207,768,492,313,110,105,206,384
1515777292933593429,218,717,509,321,108,87,157,347
1515777292957283640,224,653,524,299,100,78,146,324
1515777292979664030,229,477,523,282,94,71,127,266
1515777292993710353,243,463,562,259,92,69,122,268
1515777293017274544,245,421,562,297,87,65,101,200
1515777293039452732,220,393,555,304,90,65,112,189
1515777293054320387,201,316,508,320,81,61,100,139
1515777293077082117,174,289,492,312,142,126,105,140
1515777293099627811,142,276,469,315,222,318,112,139
1515777293113784880,131,419,516,296,292,409,117,186
1515777293137340870,120,467,533,293,304,448,135,192
1515777293159973205,114,475,521,292,334,511,134,202
1515777293173476192,105,468,522,305,350,519,146,206
1515777293196933631,102,450,494,302,330,431,137,195
1515777293219457749,86,288,282,244,274,347,129,135
1515777293233672386,79,195,216,241,322,322,103,126
1515777293257743778,70,143,177,231,340,251,154,113
1515777293279662659,68,126,132,212,350,247,162,127
1515777293293631984,62,107,119,197,341,256,172,162
1515777293317689928,64,97,90,194,355,284,226,164
1515777293339434793,61,85,75,168,332,280,249,155
1515777293354304538,59,70,73,155,313,284,240,156
1515777293377478291,61,72,76,178,304,357,261,146
1515777293399491055,59,66,75,180,306,368,272,111
1515777293413891098,58,67,76,173,310,369,252,113
1515777293436487226,54,71,77,196,321,406,253,117
1515777293459959706,59,76,71,194,420,406,284,172
1515777293482041690,53,74,61,176,445,391,327,189
1515777293496984328,57,79,60,168,445,388,333,208
1515777293519004445,58,74,57,162,434,451,345,225
1515777293556300203,66,79,62,137,466,425,356,242
1515777293571745053,70,79,63,123,373,442,351,252
1515777293586711340,73,76,55,88,316,418,324,238
1515777293608803148,75,71,54,94,306,428,321,247
1515777293623840310,77,70,54,87,336,367,305,263
1515777293638913060,76,70,48,86,260,354,269,260
1515777293661137566,85,77,39,77,245,304,228,259
1515777293676129535,91,93,42,81,234,258,177,269
1515777293698693036,94,103,39,76,223,215,150,255
1515777293722482714,96,109,36,75,157,157,120,226
1515777293736659980,98,109,31,63,113,118,119,221
1515777293759696343,87,170,55,59,79,103,110,201
1515777293782079430,77,169,55,55,63,76,97,185
1515777293796416986,69,164,55,45,52,65,80,170
1515777293819487559,61,164,55,42,51,59,70,161
1515777293842215746,52,178,57,44,51,52,66,147
1515777293856395480,47,142,44,44,47,48,67,98
1515777293879536636,46,168,46,48,43,40,53,89
1515777293902751929,43,171,50,48,43,34,51,83
1515777293916281928,48,184,68,52,39,31,49,109
1515777293939760474,47,180,69,67,33,29,45,111
1515777293962391538,64,367,94,86,40,27,40,119
1515777293976396882,69,382,117,86,48,31,41,124
1515777293999716098,75,392,126,88,49,34,46,130
1515777294022099426,71,393,121,87,51,34,47,110
1515777294036299813,69,394,125,80,49,33,46,99
1515777294059483801,53,249,147,63,47,32,45,84
1515777294082319818,45,209,132,56,39,31,46,79
1515777294096298584,40,191,141,59,38,29,40,68
1515777294119872724,44,175,167,64,38,29,37,64
1515777294142327170,44,166,175,66,38,29,38,80
1515777294156056822,44,176,204,86,34,32,33,84
1515777294179880921,47,194,245,97,38,30,29,84
1515777294202142965,48,243,252,94,41,33,31,96
1515777294216140785,48,273,276,97,44,36,36,121
1515777294239855123,51,288,323,112,46,37,36,123
1515777294262482240,60,288,337,116,47,36,43,145
1515777294276611553,70,363,511,192,63,42,59,184
1515777294299559009,75,415,622,289,87,54,76,191
1515777294322175359,77,419,670,366,98,58,77,184
1515777294336275153,87,503,720,368,104,59,82,190
1515777294359559909,87,505,707,364,106,59,81,186
1515777294382326619,89,494,597,335,97,55,72,154
1515777294404324239,88,438,479,257,75,43,55,138
1515777294419707702,149,442,415,130,60,37,56,140
1515777294442239807,150,344,282,113,50,37,49,123
1515777294464490497,149,316,273,105,43,35,50,103
1515777294479445175,147,271,229,84,37,34,47,92
1515777294502721748,150,257,227,80,40,34,50,94
1515777294524516612,88,215,167,67,37,31,45,76
1515777294539401367,83,192,138,54,34,28,49,99
1515777294562019432,80,224,136,57,34,29,46,95
1515777294584792357,79,190,158,64,42,30,46,99
1515777294598705839,73,182,140,60,45,30,40,98
1515777294621958920,76,175,138,64,50,32,45,103
1515777294644866427,108,186,134,82,87,41,79,185
1515777294658711336,145,156,111,120,118,43,96,235
1515777294682095921,190,157,68,136,126,46,107,251
1515777294704550408,213,186,56,154,130,48,114,264
1515777294718667168,322,226,46,161,143,96,120,270
1515777294742444848,593,260,47,185,139,100,112,247
1515777294764695756,678,266,37,173,118,100,99,210
1515777294778876396,678,257,35,162,125,100,90,195
1515777294802584234,676,263,37,163,135,102,102,231
1515777294824516307,638,253,35,189,137,62,101,243
1515777294838702254,404,243,35,166,140,54,102,261
1515777294862382281,220,229,33,159,141,52,103,264
1515777294884825550,184,228,36,157,127,50,102,262
1515777294898539623,168,201,38,141,112,42,83,220
1515777294922066215,138,175,39,90,104,39,73,201
1515777294944985306,86,122,43,72,78,34,49,127
1515777294958865399,72,106,45,69,73,34,46,109
1515777294982264172,62,92,41,61,69,32,42,99
1515777295005042620,52,79,37,58,67,34,41,87
1515777295018816599,45,69,36,54,40,30,39,75
1515777295042155248,47,73,28,58,40,34,39,80
1515777295065209455,47,69,24,62,37,32,38,74
1515777295078504728,48,69,26,58,41,34,38,77
1515777295102204569,49,72,29,57,37,31,34,80
1515777295124828752,47,71,26,55,37,31,35,77
1515777295138791867,44,60,29,48,34,28,32,68
1515777295161973622,43,68,28,31,32,27,29,63
1515777295184671259,42,65,28,30,27,25,28,58
1515777295198859576,40,57,29,29,69,28,31,48
1515777295222021432,38,53,29,30,70,30,29,42
1515777295244460242,39,52,29,32,74,33,29,42
1515777295258639470,35,44,33,32,74,34,29,48
1515777295282842818,43,61,31,41,81,38,34,80
1515777295304590991,47,68,32,52,78,41,35,89
1515777295326787479,57,85,35,75,91,47,44,109
1515777295341948338,57,93,34,83,94,47,47,117
1515777295364691143,73,115,31,97,103,49,55,147
1515777295387280318,79,113,31,105,100,47,55,144
1515777295401627760,81,115,28,101,81,43,56,146
1515777295424646044,86,122,30,103,73,41,61,165
1515777295447022462,98,138,31,112,75,41,69,185
1515777295462305183,90,127,30,129,76,38,69,178
1515777295484817015,85,129,30,123,82,42,70,177
1515777295507052780,83,127,32,122,81,41,70,173
1515777295521476306,76,111,28,109,74,36,61,142
1515777295544404760,62,92,116,146,101,36,51,113
1515777295567091694,61,91,158,143,96,38,46,91
1515777295581003709,59,84,252,289,95,34,43,85
1515777295606742057,61,92,276,305,107,38,48,103
1515777295627523870,59,94,280,306,109,39,46,106
1515777295649133174,61,88,259,292,80,37,47,103
1515777295666688339,59,81,254,300,77,35,46,101
1515777295686160995,61,89,202,223,70,35,46,109
1515777295708805316,67,82,190,212,56,29,44,99
1515777295726892214,65,88,190,223,56,31,47,105
1515777295746211912,67,100,260,304,61,32,51,126
1515777295768714500,66,100,296,345,69,36,53,137
1515777295786604926,66,95,343,341,73,39,53,131
1515777295806083272,74,110,451,459,108,47,60,158
1515777295836353831,72,107,494,485,116,50,60,156
1515777295846313162,67,102,518,494,174,55,61,151
1515777295866218428,78,110,515,480,184,54,61,144
1515777295888823201,154,213,485,468,240,59,113,289
1515777295906439629,157,249,395,428,370,105,124,308
1515777295926268987,198,356,383,433,696,131,138,363
1515777295948783319,296,382,337,511,804,136,176,448
1515777295966599898,386,531,322,632,1093,275,290,754
1515777295986349146,404,530,312,655,1307,433,436,762
1515777296008794889,424,562,294,638,1464,428,498,846
1515777296026812996,466,615,246,756,1423,449,618,992
1515777296046147137,422,621,262,744,1368,476,641,996
1515777296068798774,351,527,278,706,1183,425,618,818
1515777296086587962,304,500,320,699,933,283,521,775
1515777296106427471,272,445,315,675,603,276,465,672
1515777296128746313,151,277,331,527,378,227,285,386
1515777296146761912,118,225,504,583,391,159,208,263
1515777296166687728,85,175,696,685,293,123,148,167
1515777296188805013,80,179,716,726,287,66,150,159
1515777296206979410,74,176,729,731,260,69,141,146
1515777296226361390,69,157,724,727,244,77,132,139
1515777296248828281,67,149,619,610,174,74,138,139
1515777296266781867,79,125,491,407,215,79,146,167
1515777296286248354,85,109,477,501,370,97,139,562
1515777296309119339,134,132,464,890,628,315,177,860
1515777296326448169,140,152,455,1056,717,384,251,937
1515777296346106260,155,155,424,1248,899,431,297,956
1515777296368774247,159,148,263,1438,943,467,335,959
1515777296386742684,174,146,184,1647,952,477,351,803
1515777296406574019,155,124,169,1607,851,377,354,491
1515777296428818107,159,99,158,1647,822,341,362,339
1515777296446740791,150,93,131,1529,618,288,328,283
1515777296466453869,135,81,130,1348,529,233,284,249
1515777296488897197,110,68,71,1002,409,206,259,218
1515777296506894104,81,59,57,766,303,192,223,168
1515777296526666541,60,58,56,343,137,118,109,118
1515777296548964681,45,57,56,183,100,99,77,107
1515777296567008935,42,51,37,126,63,70,52,97
1515777296586432624,40,49,32,93,60,61,45,66
1515777296608977743,42,51,35,72,61,63,43,56
1515777296627100880,46,54,44,75,61,75,43,59
1515777296649121461,43,56,40,86,77,74,42,57
1515777296668938445,41,61,43,101,84,82,38,54
1515777296686915646,47,84,92,115,90,99,34,64
1515777296706215351,63,86,98,119,91,114,33,65
1515777296728934436,65,92,96,136,116,121,36,61
1515777296746740618,75,104,132,147,153,140,46,68
1515777296766188320,96,135,136,268,158,216,55,89
1515777296788955689,110,145,134,282,156,250,59,100
1515777296806605183,106,147,131,288,164,249,63,104
1515777296826551954,107,148,130,282,149,249,59,110
1515777296849010902,102,145,102,279,112,245,52,107
1515777296867510889,98,135,102,181,116,210,54,109
1515777296886006215,84,126,72,167,158,188,52,100
1515777296908869268,111,156,71,173,152,232,54,133
1515777296926534035,117,164,72,193,153,248,59,135
1515777296946357595,124,177,65,204,145,265,64,147
1515777296969092368,129,189,63,224,137,275,59,152
1515777296987184554,136,196,63,232,80,284,62,167
1515777297006151517,143,224,71,268,83,329,81,181
1515777297028722193,165,235,73,298,84,354,86,210
1515777297046823530,192,255,77,360,97,397,91,250
1515777297066396337,214,267,87,422,107,444,99,285
1515777297088748175,214,257,84,412,104,431,97,279
1515777297106787400,195,213,75,380,99,372,77,254
1515777297126361711,173,192,69,346,96,336,68,228
1515777297148978931,135,150,59,276,86,264,57,176
1515777297166636616,77,87,34,115,67,124,36,92
1515777297186337094,54,78,27,111,69,107,35,78
1515777297208548939,52,75,32,112,61,115,38,80
1515777297231704615,51,71,32,115,56,120,35,78
1515777297246634333,51,60,32,94,57,113,33,70
1515777297269051320,53,59,30,97,76,111,32,73
1515777297291402859,53,62,33,116,71,118,35,74
1515777297306148385,50,55,30,122,73,103,33,69
1515777297329119216,46,60,33,119,75,86,38,71
1515777297351526423,42,61,34,121,68,89,77,84
1515777297366197861,37,56,33,112,45,83,81,87
1515777297388965253,38,58,34,91,44,77,83,92
1515777297411650074,38,59,35,74,41,84,98,100
1515777297426271732,41,63,42,106,55,101,119,103
1515777297448536142,50,97,47,110,60,105,178,97
1515777297471213546,102,135,61,139,76,120,212,91
1515777297486787574,114,136,68,145,85,130,222,90
1515777297508711621,124,146,68,151,551,138,221,91
1515777297531593122,129,148,66,152,694,135,236,93
1515777297546268923,138,278,84,193,720,212,255,203
1515777297572496036,129,617,196,311,834,388,370,424
1515777297591411501,156,637,231,392,1121,702,419,449
1515777297606590603,189,659,270,456,1140,739,428,482
1515777297628902394,283,704,375,491,1186,748,444,530
1515777297651484637,319,843,517,541,1307,823,505,573
1515777297666544933,377,829,655,727,1494,1020,475,542
1515777297688855544,451,880,973,896,1504,941,504,708
1515777297711198001,541,925,1229,1117,1563,1016,547,719
1515777297726282309,570,991,1299,1164,1620,1145,564,778
1515777297748788323,570,920,1288,1161,1525,1149,518,738
1515777297771460875,618,828,1226,1069,1325,1067,521,720
1515777297786188537,600,932,1003,970,1124,1062,477,591
1515777297808792904,533,905,658,696,902,1189,476,579
1515777297831639569,470,968,452,609,644,1127,489,513
1515777297846572007,476,1005,336,573,741,1215,511,561
1515777297868795007,396,973,276,485,706,1154,465,500
1515777297891253921,342,934,202,339,703,1254,547,479
1515777297906665754,311,1006,187,287,687,1074,524,462
1515777297928962305,397,978,185,320,759,1134,573,565
1515777297951265992,410,969,183,358,827,1242,542,580
1515777297966444842,379,986,210,372,849,1292,613,595
1515777297989080852,371,874,224,361,798,1166,545,572
1515777298011163658,369,763,223,348,776,1162,527,564
1515777298026656361,249,618,197,266,662,1044,411,391
1515777298049080577,153,559,201,171,395,690,383,263
1515777298071494593,158,562,190,133,196,462,227,221
1515777298086223811,296,695,237,168,170,332,171,345
1515777298109540694,335,948,291,214,160,264,226,478
1515777298131657012,418,1068,311,221,148,240,231,532
1515777298146219814,457,1184,603,228,221,262,245,579
1515777298168873337,519,1218,678,259,350,271,265,611
1515777298191378325,506,1235,684,249,377,269,260,559
1515777298214031572,497,1119,667,210,442,239,231,463
1515777298228716463,480,1061,669,207,493,272,258,501
1515777298251680003,590,972,432,230,477,255,241,492
1515777298274107419,657,984,303,233,410,260,243,537
1515777298289013318,652,900,262,252,385,253,242,566
1515777298311447351,688,886,285,257,295,241,207,557
1515777298334360550,702,950,339,272,230,203,183,531
1515777298348841071,665,945,352,260,202,189,195,596
1515777298372460120,597,956,354,247,167,149,168,559
1515777298394225232,636,966,358,246,192,147,160,585
1515777298408736884,615,973,343,255,245,152,175,634
1515777298431669658,645,944,268,253,215,135,173,724
1515777298453908687,577,884,233,350,229,123,162,685
1515777298468998034,540,815,223,472,246,146,196,719
1515777298499716698,505,796,204,474,235,135,197,736
1515777298513764089,525,773,238,502,209,130,200,769
1515777298529163912,463,691,239,553,250,139,190,676
1515777298551192737,551,733,330,1027,605,206,225,740
1515777298574253084,563,757,355,1116,660,221,203,719
1515777298588856154,539,745,362,1398,679,221,200,676
1515777298611281099,508,791,338,1406,682,236,192,655
1515777298633890499,514,757,343,1390,668,229,188,639
1515777298648843893,427,841,256,1062,375,191,155,538
1515777298671649996,424,808,227,911,258,166,162,570
1515777298694111948,423,834,232,323,196,172,173,558
1515777298708807604,397,726,217,224,146,145,166,534
1515777298731623862,394,741,209,184,148,151,166,539
1515777298753861521,517,632,237,186,141,138,190,655
1515777298769083445,543,666,237,185,141,134,201,614
1515777298799710753,546,635,216,191,147,135,194,607
1515777298813828214,547,638,276,272,148,133,194,557
1515777298829087465,541,704,359,427,165,139,189,576
1515777298851246129,433,642,595,669,182,151,160,433
1515777298874164038,445,634,645,738,191,158,128,434
1515777298888980441,431,633,646,740,186,154,126,449
1515777298911511528,448,682,644,718,188,157,128,547
1515777298933858728,477,654,708,808,201,170,154,634
1515777298948979143,590,668,560,697,179,160,164,701
1515777298972105543,552,615,551,693,156,148,165,692
1515777298993905837,547,600,586,711,162,154,167,688
1515777299008692582,664,594,658,847,176,158,164,639
1515777299031360856,624,489,629,799,163,144,158,578
1515777299054238468,571,447,654,875,205,174,164,527
1515777299068667112,553,384,634,847,205,171,154,512
1515777299091308554,562,360,625,850,195,163,150,494
1515777299116726944,433,324,638,790,192,168,153,503
1515777299143980712,442,326,642,810,170,158,140,528
1515777299169248352,341,318,625,832,131,134,105,492
1515777299195929632,409,364,660,921,141,141,136,661
1515777299218491372,412,383,645,911,149,142,139,714
1515777299241630849,427,391,616,867,149,143,142,716
1515777299271162146,441,475,584,841,166,170,158,679
1515777299293739129,471,486,591,862,176,157,156,679
1515777299319356710,444,551,593,799,182,171,158,623
1515777299331843011,494,588,672,846,232,206,170,659
1515777299333608605,475,595,668,853,246,226,185,775
1515777299339305437,482,609,745,818,263,234,201,836
1515777299353845842,460,596,729,673,255,232,208,863
1515777299376398335,422,516,698,660,251,222,195,782
1515777299391273639,382,536,681,721,203,188,187,706
1515777299414061498,381,572,648,721,180,151,168,550
1515777299436365645,409,578,532,667,151,118,137,449
1515777299451141834,426,608,556,661,146,116,131,400
1515777299474239084,500,647,613,615,146,123,166,492
1515777299496625790,511,593,578,483,155,135,176,505
1515777299511334133,509,537,592,493,148,137,198,497
1515777299534214535,470,437,574,492,140,126,216,512
1515777299556688433,515,382,573,446,137,126,215,530
1515777299571228969,477,297,502,450,122,112,199,502
1515777299593996451,445,296,460,417,101,97,204,488
1515777299616349337,429,249,405,343,98,92,181,474
1515777299630823909,405,230,384,316,86,86,151,405
1515777299652936850,313,227,282,254,74,82,156,446
1515777299675527011,252,218,231,197,72,77,133,376
1515777299690402049,210,188,220,185,87,83,92,356
1515777299713989511,229,165,193,170,89,87,84,355
1515777299736723536,220,159,171,190,170,101,73,343
1515777299751657722,356,184,157,199,184,121,61,274
1515777299773910661,356,172,143,200,188,128,59,269
1515777299796621965,359,174,141,217,239,127,64,273
1515777299811260796,330,163,126,218,280,207,69,267
1515777299833864002,342,191,155,227,247,209,66,262
1515777299856211896,221,206,177,246,240,198,60,205
1515777299871508819,541,214,196,256,285,195,64,200
1515777299893892886,712,211,192,236,348,201,63,250
1515777299916623027,773,214,194,228,331,115,55,292
1515777299931444508,769,191,172,200,350,114,126,316
1515777299953996609,776,143,162,181,364,136,202,318
1515777299977955980,629,146,145,181,348,141,225,333
1515777299991459064,445,149,157,207,298,155,231,322
1515777300014196816,422,152,166,263,293,176,273,344
1515777300036662974,521,154,186,274,273,169,287,355
1515777300054012995,533,134,169,275,278,196,249,414
1515777300073793980,507,124,171,284,280,215,236,446
1515777300096605414,487,157,164,294,327,217,333,623
1515777300119566875,407,149,160,250,338,234,350,684
1515777300133957455,258,150,137,302,350,497,411,732
1515777300156644564,161,154,139,296,344,770,420,711
1515777300179776304,139,150,136,278,335,814,430,689
1515777300193726841,124,118,126,263,319,863,365,521
1515777300216611511,128,119,113,319,389,861,417,412
1515777300240053543,132,100,113,294,416,820,362,293
1515777300253906104,123,94,105,294,440,790,451,243
1515777300276338783,95,86,101,298,455,814,466,229
1515777300299748030,94,83,94,300,426,849,480,212
1515777300313864426,91,78,96,281,538,868,411,162
1515777300336288780,80,75,88,245,512,806,400,158
1515777300359111528,76,71,77,239,503,687,292,135
1515777300373826549,81,70,96,243,515,628,261,120
1515777300396559761,81,76,127,283,580,534,229,119
1515777300418899162,74,73,132,245,435,507,211,117
1515777300434386475,76,71,134,265,449,502,174,84
1515777300456266635,73,71,138,267,450,392,158,74
1515777300479021970,62,79,126,379,526,390,177,84
1515777300493932808,57,69,103,402,454,410,186,92
1515777300516698478,55,87,96,444,488,455,194,101
1515777300547422414,51,94,94,471,511,446,193,102
1515777300553884184,55,104,94,494,562,453,187,100
1515777300577059249,57,100,88,458,502,462,147,90
1515777300598760725,61,106,84,444,507,504,119,82
1515777300614172402,68,99,77,424,499,495,98,75
1515777300636364699,74,94,78,397,478,545,104,79
1515777300673743966,79,94,77,457,535,523,108,78
1515777300689297026,74,98,70,435,512,494,107,77
1515777300703905043,72,96,66,396,499,402,104,72
1515777300721900722,66,92,65,380,467,392,119,73
1515777300741255076,60,95,63,408,465,349,110,69
1515777300756437171,54,85,57,331,296,324,102,97
1515777300779110994,50,82,52,302,279,307,102,123
1515777300794044970,49,88,51,303,304,294,115,139
1515777300816437442,51,100,49,282,336,236,110,155
1515777300847530090,49,101,44,209,321,241,112,158
1515777300861244493,47,108,42,147,321,243,105,142
1515777300876429555,48,112,44,131,314,251,103,122
1515777300899036091,57,107,43,124,261,245,99,107
1515777300914201794,59,95,48,134,263,247,91,83
1515777300936407926,60,88,49,135,266,196,95,74
1515777300959004542,61,77,50,138,258,183,96,77
1515777300973893355,63,61,48,129,261,173,91,74
1515777300996463320,60,76,46,126,317,179,75,93
1515777301019162429,63,79,47,117,294,185,71,108
1515777301042768590,63,80,45,107,285,179,57,109
1515777301056247043,71,84,43,120,286,181,56,106
1515777301078941053,82,88,44,122,280,175,66,114
1515777301102572927,93,69,44,112,226,171,64,100
1515777301116269478,110,68,40,112,213,171,71,87
1515777301138790649,152,81,45,119,216,172,74,89
1515777301162004116,150,80,44,111,213,175,74,111
1515777301176210542,162,84,45,122,223,174,68,116
1515777301198931272,160,87,44,128,219,173,68,126
1515777301222266308,152,84,45,119,200,155,61,157
1515777301236442189,141,73,43,114,178,158,55,156
1515777301258643889,143,70,43,106,174,155,54,143
1515777301282173766,121,65,47,92,188,144,45,139
1515777301296462783,130,62,47,90,218,161,51,148
1515777301319214932,142,76,45,98,207,152,50,119
1515777301342620739,118,94,43,112,207,145,53,127
1515777301356160274,125,106,45,127,225,145,56,134
1515777301378914836,129,117,41,128,200,144,57,143
1515777301402497503,133,174,54,192,248,152,60,184
1515777301416513807,127,189,59,211,286,152,63,208
1515777301438828083,150,228,72,209,319,162,65,226
1515777301462233282,146,255,81,278,385,160,65,229
1515777301476509715,151,271,83,341,398,164,68,238
1515777301499170498,168,305,147,352,413,146,63,224
1515777301522462747,167,320,560,466,416,138,61,248
1515777301536430876,147,304,712,722,403,126,76,238
1515777301558688448,197,357,783,936,498,170,82,310
1515777301582243692,209,365,838,1114,726,247,87,381
1515777301596315166,200,324,874,1381,786,293,93,396
1515777301619032911,192,302,715,1469,947,296,89,377
1515777301642224344,194,290,572,1433,972,301,75,377
1515777301656147336,139,188,477,1296,903,279,65,321
1515777301678802475,115,139,375,1154,762,207,53,217
1515777301702394370,81,105,254,803,675,112,38,152
1515777301716172943,80,94,162,541,388,89,40,135
1515777301738802430,69,86,136,302,311,59,46,185
1515777301762261581,95,87,134,281,297,47,55,226
1515777301776202586,91,79,125,171,255,45,55,235
1515777301799496598,101,84,132,155,227,47,57,245
1515777301822506255,103,75,161,158,240,54,63,287
1515777301836342832,108,83,184,197,282,70,65,299
1515777301858619759,91,89,179,211,340,90,65,280
1515777301882074907,91,92,185,238,310,100,66,271
1515777301904706247,89,115,207,237,360,102,64,280
1515777301918576158,87,119,193,261,382,134,56,235
1515777301941958367,83,124,169,444,514,526,84,224
1515777301964502970,113,163,186,583,682,745,103,268
1515777301978800507,141,202,200,711,764,840,119,322
1515777302002353747,155,218,180,775,866,936,130,338
1515777302024394756,158,222,175,802,906,944,130,353
1515777302038758170,155,219,166,720,877,864,114,325
1515777302070231625,133,192,125,612,749,750,101,280
1515777302084161185,116,164,89,439,713,666,94,241
1515777302098780530,93,131,64,325,576,537,82,205
1515777302122329430,90,121,50,262,523,531,86,172
1515777302144478345,90,114,50,220,433,420,82,161
1515777302159201039,93,126,58,227,489,339,78,176
1515777302182014274,82,115,54,216,485,340,62,147
1515777302204747861,85,116,57,208,516,364,58,153
1515777302218729891,81,115,52,152,499,358,54,151
1515777302242367547,81,115,53,153,497,362,50,158
1515777302264556458,70,91,41,122,412,344,43,121
1515777302278885215,68,97,52,174,368,402,43,124
1515777302302472749,58,102,52,164,283,374,39,101
1515777302324933228,60,100,58,168,264,372,34,103
1515777302338682196,59,102,62,171,286,437,44,92
1515777302362166424,57,100,65,175,286,440,48,98
1515777302385012301,48,86,79,195,288,376,46,76
1515777302416562183,40,61,96,309,513,493,48,70
1515777302436133380,45,68,102,356,544,551,51,72
1515777302445074243,57,74,110,429,586,518,50,97
1515777302458616841,60,92,115,443,687,607,53,95
1515777302482402670,72,104,105,427,697,700,58,111
1515777302504369503,81,121,100,365,578,651,65,131
1515777302519402368,92,193,139,355,614,625,69,135
1515777302542294881,92,201,137,281,620,656,69,148
1515777302564576903,101,203,153,324,661,650,71,163
1515777302579058007,99,215,160,321,694,637,71,159
1515777302625238718,97,235,234,335,771,717,94,160
1515777302626805435,98,188,218,329,745,718,123,163
1515777302661048663,121,201,222,343,756,785,140,171
1515777302676325611,179,209,242,289,649,738,245,192
1515777302694286950,205,198,257,296,599,723,261,260
1515777302713797554,293,224,190,267,481,622,261,278
1515777302722191015,333,225,214,241,463,630,250,302
1515777302744539080,328,226,264,253,378,502,261,333
1515777302759071786,302,230,288,334,392,503,169,347
1515777302782416742,297,231,282,484,413,442,145,313
1515777302804562612,226,176,293,520,406,572,130,297
1515777302818971073,155,194,279,530,390,601,126,270
1515777302841815947,149,197,276,513,388,592,72,222
1515777302864469957,138,186,241,467,349,561,64,166
1515777302887208158,107,184,237,298,260,517,55,133
1515777302902155992,59,183,247,236,256,346,51,113
1515777302924443803,58,150,250,256,246,196,43,103
1515777302947272513,48,105,203,257,294,158,42,70
1515777302961862756,47,80,186,277,298,198,44,62
1515777302984791743,45,54,177,271,297,247,43,57
1515777303007116664,45,50,140,269,310,278,42,51
1515777303022005331,43,46,115,221,292,291,42,47
1515777303044656355,50,57,100,200,214,298,52,62
1515777303066668070,47,63,80,149,159,251,49,77
1515777303081652012,50,66,67,140,150,194,49,78
1515777303104715274,52,69,60,119,86,142,51,82
1515777303127777711,52,70,60,78,82,100,62,89
1515777303141531979,45,60,51,75,74,63,68,76
1515777303164880715,51,58,49,64,73,54,70,63
1515777303187317804,48,55,46,47,71,48,78,60
1515777303209941919,50,49,47,48,63,46,77,55
1515777303224820817,50,51,44,48,85,46,68,44
1515777303247069438,50,52,44,58,99,44,56,45
1515777303261520052,43,47,43,59,100,46,54,38
1515777303284433237,41,53,44,102,151,54,39,40
1515777303307000612,36,52,47,114,155,52,38,41
1515777303321549452,34,56,48,116,150,54,39,42
1515777303344552077,38,62,57,111,182,63,39,59
1515777303366945235,39,72,68,117,195,68,40,65
1515777303381417224,41,72,73,119,193,66,40,71
1515777303404560331,41,75,74,147,198,69,41,76
1515777303427288612,39,70,75,150,200,64,40,78
1515777303441565801,34,84,77,164,208,65,38,77
1515777303464836183,35,83,71,174,278,79,36,83
1515777303487285920,40,85,82,167,335,103,34,82
1515777303510543366,45,86,83,141,343,107,34,81
1515777303524792750,45,87,82,147,349,122,34,81
1515777303546964443,46,72,80,137,339,123,32,77
1515777303561169411,48,66,89,128,294,159,30,72
1515777303584500875,45,60,83,114,205,168,31,74
1515777303607627450,42,58,83,112,227,173,32,74
1515777303621276922,41,54,84,94,230,175,30,74
1515777303658715127,42,51,94,87,230,198,33,75
1515777303677150328,42,52,88,80,224,170,33,76
1515777303696352557,40,74,89,76,240,172,40,82
1515777303711357742,37,78,87,76,219,182,40,81
1515777303729304674,45,80,89,83,204,177,42,79
1515777303741460906,47,82,79,96,197,225,42,76
1515777303765541929,50,81,78,98,191,227,45,99
1515777303786849838,77,71,73,103,178,217,49,139
1515777303801122211,84,72,70,93,157,212,61,167
1515777303824776197,80,73,72,91,162,218,60,173
1515777303847180094,84,71,70,80,143,148,58,174
1515777303869759052,95,73,64,75,140,172,57,159
1515777303884889452,102,75,60,69,148,166,52,130
1515777303907267549,102,69,70,78,189,163,39,103
1515777303929490969,115,102,103,114,268,173,41,127
1515777303944740194,122,129,129,157,333,184,43,169
1515777303966834697,121,160,205,287,504,189,48,272
1515777303989733335,104,159,217,292,525,204,48,278
1515777304004487381,102,158,216,299,516,212,46,277
1515777304026876043,96,138,201,288,477,196,47,264
1515777304049589112,82,114,184,267,434,180,46,239
1515777304063941197,76,64,98,123,221,165,39,115
1515777304087605432,116,57,67,109,143,151,36,88
1515777304109803629,116,56,70,94,134,157,38,80
1515777304124031567,115,57,73,100,146,267,35,81
1515777304147126899,127,56,84,125,158,302,42,80
1515777304177179323,130,51,83,119,140,296,44,80
1515777304183598529,92,46,85,126,138,305,45,80
1515777304206915719,89,42,80,126,127,308,42,78
1515777304230142383,82,36,79,118,110,228,41,74
1515777304243839105,60,38,72,93,82,181,33,74
1515777304267602287,39,38,67,90,73,196,30,66
1515777304289766375,38,36,61,79,73,187,28,59
1515777304304158064,34,41,58,72,72,190,29,66
1515777304327389626,34,42,51,72,80,203,29,65
1515777304349342995,37,41,44,66,87,248,30,63
1515777304363825729,34,40,39,68,82,234,31,57
1515777304387730095,32,42,40,70,82,227,33,58
1515777304409699091,34,37,32,58,76,211,33,47
1515777304424309478,32,40,31,55,78,207,33,47
1515777304447404129,33,41,28,59,105,210,31,66
1515777304469551978,35,43,28,54,108,209,30,68
1515777304483981750,35,41,35,53,108,232,29,78
1515777304506972524,35,46,46,60,114,222,29,87
1515777304529517897,36,46,59,82,111,295,30,98
1515777304543825044,35,45,66,79,105,275,31,98
1515777304567684106,37,62,70,78,119,313,32,118
1515777304589864339,38,66,69,85,153,316,30,136
1515777304603836273,39,71,70,83,155,326,32,133
1515777304627370621,39,72,75,81,154,264,35,128
1515777304649578255,46,70,73,87,140,247,35,122
1515777304663825653,48,63,82,93,136,223,34,123
1515777304687019761,47,65,110,108,126,196,34,117
1515777304709676479,47,60,114,120,119,206,34,115
1515777304731624502,48,59,107,109,133,218,27,134
1515777304749556271,41,62,108,113,142,221,28,142
1515777304768868914,38,58,112,133,179,249,30,132
1515777304791305791,37,53,114,165,166,258,30,116
1515777304809337651,35,54,122,170,170,238,29,116
1515777304828915161,36,52,125,172,174,210,32,103
1515777304851492392,37,51,131,168,169,217,38,92
1515777304870097564,35,50,155,220,144,251,47,80
1515777304896313693,35,52,164,223,158,246,49,76
1515777304914232183,35,54,193,246,159,260,51,77
1515777304929385842,41,79,212,288,141,274,50,62
1515777304948815812,43,81,229,314,154,308,45,56
1515777304971809462,42,83,237,321,139,245,35,58
1515777304988922927,46,86,303,352,132,237,33,66
1515777305008882802,46,88,412,561,171,290,34,69
1515777305031573665,45,71,485,623,188,280,34,78
1515777305049404517,42,72,481,614,192,230,35,92
1515777305068898251,43,81,473,593,212,217,37,129
1515777305091663686,42,89,438,580,222,228,36,133
1515777305109374149,45,96,330,370,211,154,35,157
1515777305129147818,39,98,205,211,211,153,37,157
1515777305151560771,40,101,191,208,203,148,34,153
1515777305169581384,43,101,219,275,183,150,31,125
1515777305191584459,55,95,231,291,165,126,33,117
1515777305211345713,58,87,227,293,148,106,29,83
1515777305229280499,96,83,212,286,129,102,27,79
1515777305251598411,102,79,215,288,120,92,35,78
1515777305279315485,144,69,183,231,108,86,42,74
1515777305289154744,190,66,143,175,99,84,41,84
1515777305311869651,204,60,138,169,83,64,48,89
1515777305331300802,217,56,153,204,106,63,52,106
1515777305349367496,241,53,151,204,102,64,50,138
1515777305371544206,222,56,141,201,154,113,50,167
1515777305391361451,192,49,121,187,177,136,52,175
1515777305409024069,207,53,99,357,186,340,51,174
1515777305431883866,187,57,87,660,209,395,51,174
1515777305458567740,156,55,85,985,218,442,49,149
1515777305469196630,152,57,88,1017,201,446,46,119
1515777305492045204,137,60,97,1033,192,450,49,103
1515777305514260124,87,58,100,987,187,339,45,103
1515777305529096401,62,54,85,809,164,283,45,86
1515777305552134009,51,56,81,342,156,233,49,81
1515777305578612087,43,50,71,215,132,206,102,72
1515777305588728052,40,50,58,110,114,185,119,66
1515777305612049918,31,50,46,87,108,162,127,64
1515777305631432411,29,48,45,82,117,141,131,62
1515777305654275392,27,51,40,133,121,80,133,66
1515777305672014456,27,50,38,138,128,80,102,73
1515777305691326103,29,46,36,138,131,76,82,72
1515777305713935661,29,45,33,137,159,83,70,69
1515777305731483448,31,50,33,137,146,78,63,62
1515777305751055845,32,46,34,83,135,76,59,55
1515777305773953501,35,48,33,76,141,73,50,45
1515777305792045076,35,50,35,78,159,84,42,45
1515777305811208695,34,53,46,78,149,70,40,39
1515777305833975592,32,52,65,101,157,83,35,40
1515777305851966310,29,51,88,107,176,89,30,39
1515777305871627830,28,48,103,133,184,117,32,38
1515777305893976891,32,52,128,159,174,114,35,39
1515777305911457698,33,52,135,166,165,110,36,36
1515777305931589291,33,55,135,150,147,105,36,38
1515777305953892457,38,60,135,155,133,103,34,40
1515777305971868540,44,78,134,154,108,77,33,39
1515777305991385427,48,77,141,156,103,71,31,44
1515777306014158321,49,85,167,246,96,70,28,42
1515777306031502857,58,106,212,297,104,81,29,46
1515777306051614761,57,111,268,334,98,78,30,45
1515777306073926244,73,130,282,335,104,75,34,93
1515777306091404613,72,138,313,369,110,79,34,98
1515777306111681106,72,133,314,325,127,92,34,99
1515777306133972881,68,119,287,285,129,73,34,102
1515777306151756709,68,120,233,239,143,79,39,105
1515777306174366859,46,86,214,231,139,87,39,70
1515777306193918994,45,72,141,150,146,85,39,61
1515777306211574273,42,69,95,117,134,73,41,62
1515777306231512954,37,62,82,103,124,74,42,54
1515777306253956619,32,39,65,85,99,67,35,49
1515777306271569598,34,43,48,67,102,64,32,39
1515777306291338105,30,51,40,74,88,61,33,40
1515777306314132128,31,66,37,98,133,78,36,45
1515777306332120756,35,68,37,115,143,87,36,44
1515777306351438126,36,73,35,126,178,87,40,48
1515777306373780737,34,72,35,135,214,82,44,49
1515777306391937585,32,68,37,136,221,83,43,49
1515777306411254619,36,58,48,123,202,71,39,45
1515777306434025632,33,69,50,116,211,74,39,51
1515777306452170353,32,69,54,105,185,82,36,47
1515777306471449655,31,72,56,100,160,87,31,53
1515777306493980618,34,73,59,91,183,87,31,52
1515777306511977835,33,70,58,85,172,87,28,49
1515777306531645200,35,55,59,74,156,86,28,44
1515777306554019337,36,50,57,80,166,80,29,44
1515777306571760442,36,46,55,74,166,81,29,39
1515777306591424514,33,46,54,74,124,93,28,38
1515777306613916937,40,87,52,74,138,99,29,37
1515777306632004216,41,98,50,71,145,97,29,42
1515777306651431375,45,101,49,65,136,116,30,42
1515777306673773499,46,99,48,60,113,120,30,42
1515777306691701471,53,97,46,52,111,112,33,41
1515777306711310291,48,66,39,51,93,107,35,44
1515777306734054449,48,49,37,57,87,129,36,44
1515777306756352674,46,46,38,55,90,140,34,51
1515777306771366328,47,49,40,56,93,142,34,56
1515777306794100247,39,47,39,53,132,176,35,60
1515777306816627640,36,44,39,53,131,177,37,61
1515777306831460656,35,50,42,45,142,173,36,68
1515777306853985967,35,60,42,45,140,177,36,68
1515777306876336346,42,63,43,51,141,193,38,70
1515777306894813999,48,73,56,54,144,175,37,84
1515777306914290941,55,121,82,128,237,224,52,158
1515777306936723112,57,142,101,180,278,237,55,180
1515777306951679487,59,145,113,206,344,254,61,190
1515777306973808628,52,165,123,262,409,300,83,199
1515777306996274067,52,167,131,384,448,383,96,210
1515777307011274615,53,144,144,427,452,406,95,178
1515777307033990083,57,123,134,433,446,436,99,159
1515777307056784092,67,121,141,478,553,510,164,169
1515777307071712099,85,94,152,486,601,529,185,192
1515777307101531296,93,93,153,425,683,549,194,183
1515777307116778256,96,83,136,398,801,540,219,181
1515777307131540654,98,83,142,407,914,588,231,188
1515777307154000358,97,85,144,385,910,576,207,182
1515777307176877621,84,89,127,367,890,549,198,156
1515777307191591942,72,78,115,338,815,485,186,147
1515777307214101445,69,103,127,333,790,579,228,169
1515777307237357117,74,113,155,371,852,552,248,181
1515777307251653339,78,119,164,381,809,533,259,191
1515777307274155420,80,125,172,379,829,539,278,214
1515777307296415402,90,137,189,414,894,614,338,224
1515777307311471677,105,130,187,432,949,531,327,235
1515777307334099678,110,125,180,401,913,562,349,226
1515777307356622572,108,136,178,382,952,581,401,243
1515777307371576365,120,136,177,372,985,615,400,235
1515777307394160797,139,133,172,386,1045,598,365,260
1515777307416520312,133,128,382,436,963,599,370,241
1515777307431474284,407,133,472,577,935,580,334,245
1515777307453857704,746,113,510,573,888,526,276,212
1515777307476623920,783,107,531,616,887,523,265,209
1515777307491563940,800,97,538,596,844,464,256,178
1515777307514126365,805,90,424,553,808,429,224,159
1515777307536482300,707,79,317,382,694,378,225,140
1515777307558768150,333,75,237,403,692,393,199,135
1515777307573872345,225,64,180,334,608,337,192,113
1515777307596538030,135,65,145,328,460,343,193,89
1515777307611772918,92,61,100,280,461,346,186,84
1515777307633823051,66,53,78,270,465,318,175,83
1515777307656260122,55,49,77,193,420,289,163,78
1515777307679016080,51,54,79,170,364,250,139,81
1515777307694054270,47,50,68,128,340,190,114,77
1515777307716347742,44,48,62,123,265,170,78,73
1515777307739193644,40,47,53,100,207,136,60,67
1515777307753893033,37,42,46,86,160,97,52,67
1515777307784236603,37,50,32,61,118,68,48,51
1515777307798796653,37,71,35,52,90,54,39,47
1515777307813896357,42,210,56,56,67,49,39,49
1515777307836320615,44,324,65,58,64,47,40,62
1515777307858818246,64,377,100,72,62,57,40,122
1515777307873797777,72,415,146,74,62,61,39,142
1515777307896646906,88,542,196,100,76,87,43,157
1515777307918855363,110,689,222,132,99,127,43,235
1515777307933758288,143,745,357,166,122,160,61,377
1515777307956262267,164,798,432,207,153,178,69,397
1515777307979008655,191,838,505,226,165,198,73,430
1515777307993747235,206,909,592,292,196,229,76,458
1515777308016647427,231,837,703,417,204,228,89,458
1515777308038890267,224,808,680,488,224,228,82,368
1515777308053870703,214,747,648,477,208,215,76,334
1515777308076638297,205,784,779,496,217,216,74,288
1515777308099135643,198,659,815,475,207,186,73,253
1515777308114306139,248,680,859,411,216,174,59,197
1515777308136698209,252,630,852,394,196,149,53,575
1515777308158894714,247,638,880,444,208,152,55,772
1515777308173849461,242,542,794,444,206,128,53,815
1515777308196339340,261,569,792,452,195,125,55,859
1515777308219045490,240,555,756,480,172,120,60,880
1515777308234204815,276,568,841,492,185,125,65,705
1515777308256663539,283,680,873,537,199,127,71,525
1515777308278675978,293,701,855,591,212,130,75,526
1515777308293981485,298,674,925,728,266,129,73,586
1515777308316649002,292,631,930,843,313,132,75,572
1515777308339040610,282,679,910,850,336,145,90,634
1515777308353797695,297,575,974,926,361,153,100,638
1515777308376250639,324,547,1075,971,360,161,104,617
1515777308397879974,302,560,1029,934,329,152,107,500
1515777308413005134,294,595,1144,902,336,182,111,546
1515777308435621057,299,571,1172,947,337,183,118,549
1515777308459067923,369,806,1215,880,303,175,126,608
1515777308474002223,547,930,1172,810,326,178,126,605
1515777308496459642,889,1044,1161,814,364,422,318,633
1515777308519046906,970,1038,1180,734,397,575,372,618
1515777308541335928,1152,1063,1311,655,720,624,402,562
1515777308556665283,1177,911,1387,622,913,641,426,465
1515777308579274325,1155,775,1391,601,941,650,437,438
1515777308601610012,1092,565,1345,493,923,533,345,393
1515777308616487812,1014,493,1158,432,895,346,293,330
1515777308639108812,793,342,908,372,647,235,243,316
1515777308661507054,717,228,527,277,310,178,185,320
1515777308676256847,618,177,265,220,134,123,154,307
1515777308699355952,166,109,170,156,124,79,97,379
1515777308721510683,149,96,149,129,86,68,60,400
1515777308736138123,115,61,104,95,60,63,51,371
1515777308759001735,89,58,92,78,52,56,53,345
1515777308781225344,75,55,88,79,57,48,65,334
1515777308796475635,70,52,85,75,60,43,105,218
1515777308818805221,68,48,86,73,60,38,111,148
1515777308841338912,65,46,82,74,61,32,109,112
1515777308856751396,71,45,76,69,62,29,111,128
1515777308879045287,63,41,72,68,57,30,239,144
1515777308901598444,68,43,71,69,55,28,293,200
1515777308916288490,72,49,60,62,51,30,309,237
1515777308939025918,72,49,63,63,51,31,316,261
1515777308961699712,75,48,62,68,49,31,317,270
1515777308976397918,102,55,60,70,54,43,237,326
1515777308999206046,114,55,62,80,59,45,170,374
1515777309021621659,136,60,71,113,76,51,353,424
1515777309036315975,159,72,81,125,80,81,399,475
1515777309058942834,184,85,89,138,85,99,522,493
1515777309083017808,175,85,91,143,101,124,529,485
1515777309096473342,179,86,96,151,191,544,570,463
1515777309119255076,169,80,102,155,240,760,482,424
1515777309149919259,159,72,96,156,248,812,489,362
1515777309156229662,132,57,99,146,252,839,367,325
1515777309179055550,143,54,105,167,259,863,365,274
1515777309201281572,126,54,104,184,273,703,334,244
1515777309216526963,118,56,102,216,344,504,343,218
1515777309239247619,110,57,126,247,525,458,315,211
1515777309261315879,127,59,131,346,671,496,319,214
1515777309276361354,122,61,150,544,811,460,315,207
1515777309299124473,136,59,163,555,856,441,288,195
1515777309321443755,134,58,161,548,835,399,256,174
1515777309336358935,132,58,168,586,842,350,199,160
1515777309359154721,117,56,163,572,804,229,172,155
1515777309381485356,143,57,526,555,890,580,172,162
1515777309396720063,471,90,1038,938,1031,638,300,180
1515777309418915677,852,335,1244,1207,1077,686,372,226
1515777309441488007,902,382,1438,1300,1051,846,490,331
1515777309456521040,969,423,1581,1488,1146,923,558,496
1515777309479139878,997,490,1708,1637,1088,896,724,628
1515777309501736874,939,540,1625,1621,1072,924,728,689
1515777309516402565,673,451,1747,1695,1042,954,770,719
1515777309539050119,638,427,1711,1664,1078,860,750,692
1515777309561883627,539,397,1584,1497,1086,800,737,592
1515777309585149012,477,312,1360,1308,1006,856,585,454
1515777309598743658,366,206,1151,1097,848,833,570,335
1515777309621441216,245,161,667,625,814,795,476,224
1515777309645189830,134,117,216,454,686,761,397,170
1515777309659635620,106,97,214,423,367,733,321,139
1515777309674086946,91,86,179,283,271,444,295,103
1515777309696678851,91,78,159,218,160,327,150,77
1515777309719776458,85,79,149,158,128,203,98,66
1515777309734025822,79,79,145,145,105,131,172,64
1515777309764485390,62,66,85,96,95,90,199,61
1515777309778783331,85,91,92,88,77,87,204,70
1515777309793765878,82,93,91,75,64,64,204,72
1515777309816473374,82,93,90,72,59,62,197,72
1515777309839055284,80,89,87,65,57,60,125,70
1515777309853933222,80,80,82,102,68,61,77,69
1515777309876629106,48,52,55,97,73,59,52,58
1515777309899439694,47,54,60,107,73,62,50,52
1515777309913821411,44,53,60,108,76,62,51,48
1515777309936006814,46,55,61,116,79,83,53,44
1515777309958892461,44,59,69,134,82,121,70,54
1515777309981366576,45,56,67,142,73,122,70,55
1515777309996684690,39,49,62,136,70,119,68,54
1515777310018989012,43,51,64,141,69,118,68,55
1515777310041590784,45,51,61,135,67,107,67,60
1515777310056615229,42,50,206,85,48,79,47,48
1515777310079172520,44,65,536,66,57,88,51,53
1515777310101508657,43,88,867,78,68,99,61,62
1515777310119557685,50,97,1222,75,84,118,68,64
1515777310138904169,79,101,1310,93,92,137,76,65
1515777310161386391,160,108,1497,112,106,162,89,72
1515777310176255193,175,106,1638,118,105,166,92,68
1515777310198843239,183,93,1503,118,106,172,92,65
1515777310230302524,190,90,1255,117,113,166,88,63
1515777310236185319,182,89,1176,122,120,160,90,65
1515777310258823764,139,89,917,128,110,138,81,63
1515777310281690199,127,89,449,129,144,179,108,67
1515777310296706909,117,134,437,137,154,191,109,65
1515777310319059678,100,130,380,141,143,193,112,73
1515777310341883661,96,133,346,128,164,187,106,67
1515777310356546101,61,134,311,111,245,178,103,62
1515777310379163861,47,134,239,111,269,136,73,59
1515777310401507824,60,138,172,95,278,102,66,63
1515777310416245482,66,274,143,85,379,91,58,53
1515777310439000329,73,338,129,79,433,91,55,54
1515777310461427190,88,355,134,80,485,99,58,50
1515777310476576105,176,414,110,71,518,96,54,46
1515777310498990969,232,501,96,88,555,110,57,36
1515777310521536168,267,475,93,88,538,121,56,39
1515777310536372966,279,458,100,127,537,161,59,45
1515777310559093204,298,452,93,142,546,185,55,54
1515777310581407891,257,401,94,139,518,204,53,63
1515777310596631332,204,273,98,127,505,197,46,63
1515777310618884023,154,216,100,144,907,206,60,63
1515777310641753127,132,162,114,130,1266,185,68,67
1515777310664717762,107,142,119,107,1425,175,68,61
1515777310687152031,192,135,124,109,1434,149,66,53
1515777310701115949,207,152,548,111,1573,170,67,56
1515777310725002770,209,181,825,106,1605,165,57,59
1515777310747560024,206,195,945,100,1534,174,49,54
1515777310761138239,190,219,967,99,1439,164,50,69
1515777310784133685,103,229,995,105,1546,167,47,71
1515777310807910377,72,230,889,119,1410,144,46,76
1515777310821331282,93,293,763,152,1130,135,63,92
1515777310844162460,100,297,659,205,1080,111,79,104
1515777310866843107,96,313,765,292,1287,114,91,115
1515777310881775269,146,357,949,296,1342,122,96,146
1515777310903670219,163,376,1007,304,1339,152,102,184
1515777310927468511,177,347,956,284,1352,158,93,193
1515777310941515789,292,520,941,263,1161,165,92,249
1515777310963996307,497,549,957,241,802,280,84,248
1515777310987259595,553,559,958,258,375,348,83,249
1515777311001405026,587,571,924,302,325,341,83,222
1515777311023897021,621,566,891,338,268,345,83,209
1515777311048012418,731,456,881,362,251,349,79,151
1515777311061270021,751,422,753,328,237,275,93,171
1515777311084516862,808,380,450,320,208,182,95,187
1515777311114815757,872,348,291,273,225,212,104,219
1515777311121303681,878,342,280,259,444,331,123,298
1515777311143932977,774,301,242,242,515,403,140,312
1515777311167165323,704,308,261,322,707,462,168,332
1515777311181250751,607,333,276,399,771,511,201,318
1515777311204441086,573,374,311,561,866,672,239,318
1515777311227559038,597,375,315,629,778,723,287,262
1515777311241517427,664,371,318,659,813,726,328,240
1515777311264318888,741,363,288,634,688,733,337,253
1515777311287132783,755,336,293,600,687,779,354,258
1515777311302469279,691,293,229,485,671,679,331,237
1515777311324162941,649,342,234,438,707,604,310,277
1515777311347368877,630,342,228,407,643,628,339,311
1515777311361471897,566,323,238,523,644,599,325,309
1515777311383781908,628,328,223,652,649,545,293,349
1515777311407249633,756,345,226,674,639,548,306,367
1515777311421491643,823,291,204,652,634,528,284,353
1515777311443902534,822,283,235,706,645,532,237,380
1515777311467311991,767,273,201,620,700,532,233,360
1515777311497207896,698,258,186,508,653,527,249,339
1515777311503790653,561,209,185,465,609,504,228,327
1515777311527284193,445,188,218,468,607,540,242,311
1515777311550162818,344,190,269,515,613,528,208,306
1515777311563736051,385,206,290,632,513,529,199,294
1515777311587375456,388,205,289,626,518,504,192,276
1515777311609721778,412,217,296,635,445,567,276,275
1515777311623760872,433,216,292,668,409,547,276,263
1515777311647227234,496,199,252,554,351,555,266,218
1515777311669969847,541,177,232,432,363,543,289,211
1515777311684071340,588,189,246,417,316,552,286,228
1515777311707160850,601,197,271,541,391,514,269,258
1515777311728628251,587,193,246,483,398,481,265,260
1515777311742382039,540,180,206,479,373,378,266,227
1515777311765756658,437,187,211,464,338,350,252,223
1515777311788418858,387,194,204,518,358,327,244,270
1515777311803627548,345,163,160,365,283,221,180,242
1515777311827195802,418,222,184,387,246,213,172,252
1515777311849610263,450,249,189,410,237,213,168,288
1515777311863999412,522,378,195,408,234,223,165,403
1515777311887291823,626,425,214,317,185,181,167,426
1515777311909801842,900,474,336,325,170,171,163,454
1515777311923981847,1184,543,471,367,153,162,164,517
1515777311947358599,1210,695,563,389,168,164,187,559
1515777311969634227,1227,683,588,420,192,166,192,638
1515777311983898972,1202,743,590,433,203,167,206,621
1515777312007326888,1024,771,576,506,216,176,227,633
1515777312029342898,690,748,494,455,222,184,234,706
1515777312044095574,668,666,401,440,232,182,218,696
1515777312067477611,603,650,451,442,215,175,206,630
1515777312089652079,576,572,478,450,206,166,198,683
1515777312103860644,551,497,419,343,179,153,173,686
1515777312127408743,499,444,390,360,174,142,156,589
1515777312149522730,432,340,380,327,207,151,149,567
1515777312163878011,433,268,260,324,261,222,154,488
1515777312187433957,581,190,172,326,291,239,160,377
1515777312209274631,592,175,176,407,457,337,187,309
1515777312224029505,575,169,156,487,543,412,223,236
1515777312247037416,579,166,156,576,686,481,236,180
1515777312269736154,568,174,158,621,837,537,261,176
1515777312283635740,442,177,188,729,885,557,258,249
1515777312307506147,629,179,189,753,873,632,259,262
1515777312330359783,957,167,196,731,901,683,251,273
1515777312344273712,1188,170,183,668,865,700,287,309
1515777312367398030,1198,159,175,602,736,645,262,304
1515777312389810545,1285,160,125,444,672,623,256,228
1515777312413124463,1199,149,119,318,602,496,243,205
1515777312426365707,964,147,102,231,483,354,217,193
1515777312450031808,650,128,91,195,317,187,139,115
1515777312472060434,614,146,83,185,223,148,128,111
1515777312486467929,270,130,79,144,187,126,103,111
1515777312509717462,229,123,47,125,141,96,73,102
1515777312532626762,131,112,34,89,103,71,61,63
1515777312546310304,97,112,36,82,80,60,59,62
1515777312569766823,82,70,32,44,61,42,46,65
1515777312592019566,69,57,33,43,56,41,48,56
1515777312606346610,52,55,31,39,44,39,45,51
1515777312629546471,62,55,31,35,40,34,44,48
1515777312652481024,60,42,28,32,38,33,42,45
1515777312666265396,57,36,26,31,32,31,34,39
1515777312689790736,55,36,23,27,31,29,33,35
1515777312712550270,50,33,22,23,30,31,32,35
1515777312726372831,36,30,21,23,23,31,34,32
1515777312749762697,35,36,22,21,21,30,33,33
1515777312772322212,36,41,22,19,21,30,37,31
1515777312785842609,36,42,24,19,19,28,37,31
1515777312808876646,36,46,25,21,18,27,34,33
1515777312832159327,37,46,26,21,20,27,30,33
1515777312846290092,37,43,26,24,21,29,30,34
1515777312869718146,37,39,27,27,22,29,28,36
1515777312892338419,34,42,24,25,24,29,33,37
1515777312906635178,32,37,23,27,26,30,36,33
1515777312929649479,30,37,25,26,26,28,37,32
1515777312952825545,28,40,25,23,26,26,37,29
1515777312966229350,26,36,27,19,27,25,38,30
1515777312989750513,27,34,26,19,25,25,33,30
1515777313012631168,26,35,28,15,23,23,29,29
1515777313026323107,28,34,28,16,22,25,29,31
1515777313050003903,26,32,29,16,21,24,30,31
1515777313071813111,30,33,26,17,18,25,26,30
1515777313086383504,31,35,29,17,20,26,25,29
1515777313109667219,33,33,26,18,20,26,26,31
1515777313132026744,34,32,23,18,19,26,27,29
1515777313146605850,34,35,23,19,23,25,27,32
1515777313169782357,33,37,25,19,26,30,28,30
1515777313192234811,34,40,23,18,25,28,29,31
1515777313206279577,35,43,23,18,26,29,29,30
1515777313229756047,36,46,24,19,26,28,29,31
1515777313252130971,37,44,25,19,23,31,27,31
1515777313266173046,36,41,25,19,20,28,27,30
1515777313289959918,35,36,23,19,20,28,26,32
1515777313312324289,32,35,25,19,18,29,24,35
1515777313326787829,31,31,25,18,18,30,25,34
1515777313350068332,31,30,24,17,22,29,27,33
1515777313372160878,30,31,25,19,23,27,26,35
1515777313395279470,31,33,25,19,24,29,25,31
1515777313409494079,29,31,24,20,26,26,25,31
1515777313432076581,26,33,24,20,26,26,25,28
1515777313454903380,23,32,23,18,23,27,26,29
1515777313469368935,25,31,22,18,21,27,27,25
1515777313492441372,21,29,24,17,22,26,28,30
1515777313514671529,23,26,24,17,21,27,29,28
1515777313529449375,28,28,24,18,21,27,29,30
1515777313552198227,31,29,26,19,22,24,28,32
1515777313574551978,33,31,25,18,24,24,27,34
1515777313589558599,33,35,23,19,28,25,30,32
1515777313611955343,32,38,23,19,29,25,31,35
1515777313634434944,31,35,24,18,28,25,32,35
1515777313649531293,30,35,27,19,29,25,31,33
1515777313673052569,27,35,31,19,29,28,32,33
1515777313694638190,26,31,32,20,24,30,31,33
1515777313709069610,25,32,33,19,22,32,29,30
1515777313732210457,26,34,31,18,23,31,28,31
1515777313755153633,32,34,30,18,21,31,30,37
1515777313769059413,32,34,26,18,21,28,29,37
1515777313792591357,33,34,25,18,19,28,29,35
1515777313815324626,37,34,26,19,21,26,32,36
1515777313828782262,38,32,25,19,22,25,31,37
1515777313854697758,34,31,25,18,22,24,30,31
1515777313874018978,36,30,24,18,23,27,30,33
1515777313896592157,37,31,24,16,24,23,29,35
1515777313914935268,37,32,22,16,24,23,29,34
1515777313933883506,37,36,25,15,24,24,28,34
1515777313956855385,38,37,27,16,22,23,32,36
1515777313973809902,39,40,28,16,23,22,33,35
1515777313994181162,38,41,32,18,21,23,32,38
1515777314016635082,40,43,30,18,22,24,29,36
1515777314034354085,38,40,31,20,21,27,30,36
1515777314053842820,38,40,28,20,25,28,27,34
1515777314076125322,37,40,29,20,23,28,27,35
1515777314094328439,38,41,27,20,24,29,28,32
1515777314114247572,34,36,29,22,23,29,28,31
1515777314136684841,36,41,27,21,23,30,32,30
1515777314154308900,34,42,30,20,23,28,30,31
1515777314174081929,32,39,28,20,22,29,29,26
1515777314196541435,29,37,28,20,24,27,29,26
1515777314214417111,29,37,28,20,23,25,29,27
1515777314233935290,26,31,26,20,24,23,27,24
1515777314256534539,25,28,22,22,21,24,29,25
1515777314274262099,27,31,23,21,26,21,31,30
1515777314293945229,32,33,22,22,25,25,30,32
1515777314316431668,32,36,20,21,24,27,29,33
1515777314334038786,34,38,19,21,25,27,28,36
1515777314353995238,37,39,19,20,26,29,25,38
1515777314376342214,35,39,21,21,21,29,26,34
1515777314394549856,34,38,22,24,21,25,27,30
1515777314414047005,35,34,26,23,23,23,28,31
1515777314436322569,36,39,30,28,22,24,27,29
1515777314454227941,36,41,37,29,21,23,29,25
1515777314473792947,37,39,40,32,21,25,27,26
1515777314496743959,38,42,67,79,25,27,32,27
1515777314514313887,42,42,86,133,24,30,34,25
1515777314533966191,43,47,155,193,27,29,35,31
1515777314556384196,41,46,207,283,39,32,33,31
1515777314574333778,42,48,231,301,42,30,34,32
1515777314594210158,51,61,249,325,48,47,45,37
1515777314616157364,71,79,374,373,87,54,50,48
1515777314634362673,75,86,578,720,128,61,63,48
1515777314653957428,86,95,629,811,142,66,70,57
1515777314676299548,96,102,632,819,145,78,75,58
1515777314694158536,103,100,634,843,156,78,77,62
1515777314714088853,93,94,577,827,139,77,75,56
1515777314736422924,106,94,372,569,108,83,77,57
1515777314754592071,110,88,307,461,88,85,78,55
1515777314774910776,110,83,314,472,87,84,78,54
1515777314796828863,121,88,331,422,87,88,86,55
1515777314814282526,127,89,348,485,101,87,88,53
1515777314834047246,122,92,330,460,103,84,90,57
1515777314856811268,134,102,326,434,148,83,96,59
1515777314874518999,154,106,313,435,224,94,106,68
1515777314894316915,153,99,292,449,258,93,121,75
1515777314916570525,163,117,255,393,281,146,278,85
1515777314934264163,190,119,266,413,413,179,326,99
1515777314953708179,179,126,247,380,454,218,374,125
1515777314984041886,175,169,284,345,450,223,409,165
1515777314994438393,176,186,295,348,498,246,416,194
1515777315013886445,255,187,353,372,535,277,367,224
1515777315036297601,262,290,432,415,540,284,336,254
1515777315055418697,271,384,500,489,566,288,301,271
1515777315074207669,278,457,502,512,608,375,267,250
1515777315096356239,281,480,500,503,624,454,268,234
1515777315114373783,225,514,523,491,690,520,311,216
1515777315133799279,245,541,507,484,685,661,307,187
1515777315156425474,262,511,455,403,767,779,343,168
1515777315174218484,289,543,566,408,802,805,387,276
1515777315194025467,307,540,578,412,791,802,442,283
1515777315216937257,295,515,543,408,731,760,415,281
1515777315239014027,301,524,546,380,779,711,443,281
1515777315254289685,279,505,529,364,647,577,406,268
1515777315276577956,233,393,380,318,546,484,375,158
1515777315299208790,194,367,341,283,495,430,306,132
1515777315321476836,201,360,310,256,554,535,289,122
1515777315343959022,127,230,221,196,393,458,231,101
1515777315374285079,128,214,198,198,396,449,240,92
1515777315396628411,124,192,177,191,415,458,213,81
1515777315426463157,125,182,172,215,416,449,259,83
1515777315449046825,112,174,181,209,330,379,256,75
1515777315479060846,99,192,254,202,333,373,273,80
1515777315487141956,95,177,254,195,326,378,263,83
1515777315489163065,98,184,254,200,326,365,265,99
1515777315501527769,96,187,261,173,305,357,210,106
1515777315516619418,75,172,250,140,250,276,180,100
1515777315538973781,71,125,149,122,258,247,156,92
1515777315553846330,77,121,114,141,308,322,154,92
1515777315576785703,77,115,112,132,279,325,124,69
1515777315599516428,72,126,110,128,280,312,107,50
1515777315614650371,71,130,119,131,266,290,95,49
1515777315651572516,70,119,128,134,238,283,96,50
1515777315666717192,54,110,124,113,205,209,88,42
1515777315688864229,78,163,192,150,298,266,129,57
1515777315706635595,127,285,311,172,337,328,170,69
1515777315718910331,139,308,334,178,335,329,184,73
1515777315737226701,154,319,337,185,357,331,184,75
1515777315756634567,156,321,344,181,342,314,189,75
1515777315778920108,143,296,316,152,255,258,165,64
1515777315794022448,100,168,194,119,195,166,113,52
1515777315816584548,111,121,137,111,182,154,92,50
1515777315838909451,136,87,117,158,177,160,94,48
1515777315853988545,216,88,102,177,183,161,90,50
1515777315876371262,225,91,88,195,190,161,91,53
1515777315899195957,236,88,86,207,190,168,91,54
1515777315917006947,228,79,92,210,190,160,91,57
1515777315936382797,205,81,94,171,147,117,71,55
1515777315958743539,119,73,102,147,96,93,58,52
1515777315974184986,103,76,103,118,69,75,51,48
1515777315996861609,77,74,123,97,56,55,50,46
1515777316018961461,63,67,130,75,46,46,46,38
1515777316034368836,59,69,166,70,44,38,46,35
1515777316056427728,50,67,169,72,39,35,43,33
1515777316078776985,44,58,163,69,35,36,44,31
1515777316093884329,39,63,149,68,33,35,39,31
1515777316116908399,38,69,140,60,35,35,39,33
1515777316139246162,35,73,106,50,31,36,40,34
1515777316154050452,45,73,95,51,31,37,39,37
1515777316177050728,48,98,138,59,31,33,41,44
1515777316199016427,52,128,156,65,32,35,42,52
1515777316221768884,56,141,234,94,31,35,41,53
1515777316236380951,55,138,237,99,33,37,44,53
1515777316258794308,48,143,240,96,37,34,47,55
1515777316281870568,48,136,227,96,34,39,45,55
1515777316297284303,46,131,224,97,37,40,45,48
1515777316319110882,42,124,156,73,35,41,46,47
1515777316341679519,43,124,139,63,35,36,42,47
1515777316356465543,42,131,136,64,32,40,41,44
1515777316379239305,41,130,135,63,37,44,46,35
1515777316401924747,39,108,122,57,37,45,50,41
1515777316416883973,39,96,98,50,38,47,53,55
1515777316439192642,36,89,95,50,35,47,53,57
1515777316461259609,37,69,86,47,34,45,51,59
1515777316476619413,37,65,68,38,31,38,45,64
1515777316499146599,35,67,62,35,28,38,42,63
1515777316521607354,34,68,59,35,32,35,39,50
1515777316536551223,33,71,68,33,33,35,35,47
1515777316558871859,32,69,67,31,32,33,32,42
1515777316581695662,31,60,63,30,30,32,31,37
1515777316596478354,29,76,61,31,32,33,27,34
1515777316619296419,29,81,66,32,26,30,26,33
1515777316641490096,32,78,55,30,25,36,28,34
1515777316656462412,34,86,54,29,25,36,29,35
1515777316678929890,33,83,52,30,25,35,30,35
1515777316701682594,34,85,53,26,22,31,31,37
1515777316716465115,34,82,54,29,22,32,34,42
1515777316738922135,32,83,58,30,24,28,33,39
1515777316761796669,30,78,59,30,25,29,34,38
1515777316776710940,32,78,60,29,24,29,35,38
1515777316799053957,29,54,54,28,25,30,36,38
1515777316821328869,29,57,55,25,25,30,33,32
1515777316836677962,30,56,63,31,24,28,31,33
1515777316859319547,29,53,62,33,23,30,31,34
1515777316881458952,30,53,60,32,24,31,30,33
1515777316896326922,31,51,59,30,24,32,32,35
1515777316919775876,33,44,56,31,24,33,31,36
1515777316941410471,30,48,44,25,22,35,30,35
1515777316956653458,31,48,41,23,22,34,32,35
1515777316979264084,29,53,40,23,20,33,33,37
1515777317001517491,29,54,39,26,21,32,29,40
1515777317016702682,26,53,40,23,21,31,35,40
1515777317039045432,29,48,50,25,21,30,36,45
